path,Speaker_median_age,Speaker_gender,Speaker_name
/home/peterr/macocu/task11/data_age/seg.on9WnAhubWg_12584.33-12599.73.wav,40.5,F,"Petrijevčanin Vuksanović, Irena"
/home/peterr/macocu/task11/data_age/seg.IF1blZ6YSMA_15104.48-15124.11.wav,40.5,F,"Petrijevčanin Vuksanović, Irena"
/home/peterr/macocu/task11/data_age/seg.IF1blZ6YSMA_15143.3-15163.11.wav,40.5,F,"Petrijevčanin Vuksanović, Irena"
/home/peterr/macocu/task11/data_age/seg.wRedcoBr6Qk_10795.62-10814.97.wav,40.5,F,"Petrijevčanin Vuksanović, Irena"
/home/peterr/macocu/task11/data_age/seg.9UCrtnKBgqs_15502.17-15521.49.wav,40.5,F,"Petrijevčanin Vuksanović, Irena"
/home/peterr/macocu/task11/data_age/seg.wRedcoBr6Qk_10076.27-10088.25.wav,40.5,F,"Petrijevčanin Vuksanović, Irena"
/home/peterr/macocu/task11/data_age/seg.HlauTe_NK6U_12901.39-12921.09.wav,40.5,F,"Petrijevčanin Vuksanović, Irena"
/home/peterr/macocu/task11/data_age/seg.O-3YNW9gAaw_2696.35-2708.53.wav,40.5,F,"Petrijevčanin Vuksanović, Irena"
/home/peterr/macocu/task11/data_age/seg.j2243qnSAZc_21233.62-21248.91.wav,40.5,F,"Petrijevčanin Vuksanović, Irena"
/home/peterr/macocu/task11/data_age/seg.0m0xyKyqqlA_11494.42-11513.98.wav,40.5,F,"Petrijevčanin Vuksanović, Irena"
/home/peterr/macocu/task11/data_age/seg.fZOW76tl9E8_4804.71-4824.57.wav,40.5,F,"Petrijevčanin Vuksanović, Irena"
/home/peterr/macocu/task11/data_age/seg.Hr5kNf8OytU_20655.38-20675.35.wav,40.5,F,"Petrijevčanin Vuksanović, Irena"
/home/peterr/macocu/task11/data_age/seg.l8zdyfQzMbc_19852.92-19872.83.wav,40.5,F,"Petrijevčanin Vuksanović, Irena"
/home/peterr/macocu/task11/data_age/seg.4f2EekXCNas_11009.41-11029.29.wav,40.5,F,"Petrijevčanin Vuksanović, Irena"
/home/peterr/macocu/task11/data_age/seg.JxzqEMWNUro_18454.09-18474.04.wav,40.5,F,"Petrijevčanin Vuksanović, Irena"
/home/peterr/macocu/task11/data_age/seg.HJps7tTjkpg_4081.55-4101.43.wav,40.5,F,"Petrijevčanin Vuksanović, Irena"
/home/peterr/macocu/task11/data_age/seg.IF1blZ6YSMA_15234.5-15254.03.wav,40.5,F,"Petrijevčanin Vuksanović, Irena"
/home/peterr/macocu/task11/data_age/seg.a6kB3x0gDRo_6441.06-6460.96.wav,40.5,F,"Petrijevčanin Vuksanović, Irena"
/home/peterr/macocu/task11/data_age/seg.bFuM6vBlCQE_9221.17-9230.97.wav,40.5,F,"Petrijevčanin Vuksanović, Irena"
/home/peterr/macocu/task11/data_age/seg.d2D71aNeq5Y_19443.28-19462.34.wav,40.5,F,"Petrijevčanin Vuksanović, Irena"
/home/peterr/macocu/task11/data_age/seg.4KAefCQbnnM_19383.88-19398.79.wav,59.0,F,"Makar, Božica"
/home/peterr/macocu/task11/data_age/seg.vsnqvRMj2N8_6871.57-6891.57.wav,59.0,F,"Makar, Božica"
/home/peterr/macocu/task11/data_age/seg.8DJUjkE6g2A_8727.99-8738.17.wav,59.0,F,"Makar, Božica"
/home/peterr/macocu/task11/data_age/seg.4KAefCQbnnM_19102.16-19122.05.wav,59.0,F,"Makar, Božica"
/home/peterr/macocu/task11/data_age/seg.MpLv6KlBcpQ_21543.76-21563.16.wav,59.0,F,"Makar, Božica"
/home/peterr/macocu/task11/data_age/seg.SvOjrvZ4PlY_13370.79-13390.59.wav,59.0,F,"Makar, Božica"
/home/peterr/macocu/task11/data_age/seg.kr7AcaY6GaU_5109.05-5128.65.wav,59.0,F,"Makar, Božica"
/home/peterr/macocu/task11/data_age/seg.bFuM6vBlCQE_22512.56-22532.47.wav,59.0,F,"Makar, Božica"
/home/peterr/macocu/task11/data_age/seg.kr7AcaY6GaU_5366.46-5386.24.wav,59.0,F,"Makar, Božica"
/home/peterr/macocu/task11/data_age/seg.oF5_Yejpjgc_8753.85-8773.73.wav,59.0,F,"Makar, Božica"
/home/peterr/macocu/task11/data_age/seg.0n_W0iHVhpU_2981.15-3001.09.wav,59.0,F,"Makar, Božica"
/home/peterr/macocu/task11/data_age/seg.4WVLXQtcQ5c_13362.06-13381.34.wav,59.0,F,"Makar, Božica"
/home/peterr/macocu/task11/data_age/seg.C2P-jPLGFSk_15888.48-15907.92.wav,59.0,F,"Makar, Božica"
/home/peterr/macocu/task11/data_age/seg.GfIdrQfYN4A_4357.81-4375.2.wav,59.0,F,"Makar, Božica"
/home/peterr/macocu/task11/data_age/seg.oF5_Yejpjgc_8910.89-8930.14.wav,59.0,F,"Makar, Božica"
/home/peterr/macocu/task11/data_age/seg.PAKRaXXMxVY_10184.97-10204.93.wav,59.0,F,"Makar, Božica"
/home/peterr/macocu/task11/data_age/seg.8DJUjkE6g2A_8606.69-8626.43.wav,59.0,F,"Makar, Božica"
/home/peterr/macocu/task11/data_age/seg.xC6B2N9RvdQ_9433.44-9453.12.wav,59.0,F,"Makar, Božica"
/home/peterr/macocu/task11/data_age/seg.CjM2LMQC4gg_18447.44-18467.31.wav,59.0,F,"Makar, Božica"
/home/peterr/macocu/task11/data_age/seg.vHkd_51GnAM_15083.96-15103.85.wav,59.0,F,"Makar, Božica"
/home/peterr/macocu/task11/data_age/seg.y2d5LOhu3Zk_11274.73-11290.55.wav,53.0,F,"Juričev-Martinčev, Branka"
/home/peterr/macocu/task11/data_age/seg.3BpXkh8n9Rw_4465.21-4485.01.wav,53.0,F,"Juričev-Martinčev, Branka"
/home/peterr/macocu/task11/data_age/seg.14gZyn_QyTw_11838.15-11857.79.wav,53.0,F,"Juričev-Martinčev, Branka"
/home/peterr/macocu/task11/data_age/seg.y9Sce1RIPM8_14066.82-14085.78.wav,53.0,F,"Juričev-Martinčev, Branka"
/home/peterr/macocu/task11/data_age/seg.y2Vs3GXDVyk_16067.69-16087.28.wav,53.0,F,"Juričev-Martinčev, Branka"
/home/peterr/macocu/task11/data_age/seg.-EO06cT21uY_5083.61-5103.24.wav,53.0,F,"Juričev-Martinčev, Branka"
/home/peterr/macocu/task11/data_age/seg.TFTtk2nFs6I_12099.04-12118.84.wav,53.0,F,"Juričev-Martinčev, Branka"
/home/peterr/macocu/task11/data_age/seg.3BpXkh8n9Rw_4515.49-4535.02.wav,53.0,F,"Juričev-Martinčev, Branka"
/home/peterr/macocu/task11/data_age/seg.vUcOuoVdoMg_8324.23-8344.15.wav,53.0,F,"Juričev-Martinčev, Branka"
/home/peterr/macocu/task11/data_age/seg.8LAI5kcBfVs_16780.26-16793.82.wav,53.0,F,"Juričev-Martinčev, Branka"
/home/peterr/macocu/task11/data_age/seg.CgZu2BS9DIo_969.85-989.37.wav,53.0,F,"Juričev-Martinčev, Branka"
/home/peterr/macocu/task11/data_age/seg.C-7-3Cxi7WU_5500.9-5520.11.wav,53.0,F,"Juričev-Martinčev, Branka"
/home/peterr/macocu/task11/data_age/seg.HJps7tTjkpg_6429.22-6449.2.wav,53.0,F,"Juričev-Martinčev, Branka"
/home/peterr/macocu/task11/data_age/seg.1DSAO-5loYo_4113.74-4129.89.wav,53.0,F,"Juričev-Martinčev, Branka"
/home/peterr/macocu/task11/data_age/seg.rC8whgT9jrU_12006.53-12026.34.wav,53.0,F,"Juričev-Martinčev, Branka"
/home/peterr/macocu/task11/data_age/seg.05ONqG97F-0_2929.82-2949.52.wav,53.0,F,"Juričev-Martinčev, Branka"
/home/peterr/macocu/task11/data_age/seg.gQz37Zto7cE_6452.07-6464.31.wav,53.0,F,"Juričev-Martinčev, Branka"
/home/peterr/macocu/task11/data_age/seg.3ELsSguCWM4_7229.02-7248.95.wav,53.0,F,"Juričev-Martinčev, Branka"
/home/peterr/macocu/task11/data_age/seg.08nTrgdbSeM_4165.99-4180.83.wav,53.0,F,"Juričev-Martinčev, Branka"
/home/peterr/macocu/task11/data_age/seg.y2d5LOhu3Zk_11599.63-11618.72.wav,53.0,F,"Juričev-Martinčev, Branka"
/home/peterr/macocu/task11/data_age/seg.DUsdmFyClVI_2296.14-2315.9.wav,46.5,F,"Jelkovac, Marija"
/home/peterr/macocu/task11/data_age/seg.YaBXOzUUd-0_2767.74-2786.8.wav,46.5,F,"Jelkovac, Marija"
/home/peterr/macocu/task11/data_age/seg.fO_0QkfOgis_4828.35-4846.17.wav,46.5,F,"Jelkovac, Marija"
/home/peterr/macocu/task11/data_age/seg.vRMwK8TW_tw_15860.98-15870.91.wav,46.5,F,"Jelkovac, Marija"
/home/peterr/macocu/task11/data_age/seg.a6ZwGqUTXuU_4088.44-4107.58.wav,46.5,F,"Jelkovac, Marija"
/home/peterr/macocu/task11/data_age/seg.z7dLHsAfSdI_4916.89-4936.52.wav,46.5,F,"Jelkovac, Marija"
/home/peterr/macocu/task11/data_age/seg.nSH6V9Z2eNI_8085.74-8105.13.wav,46.5,F,"Jelkovac, Marija"
/home/peterr/macocu/task11/data_age/seg.w-mXysdhZaU_10918.71-10938.6.wav,46.5,F,"Jelkovac, Marija"
/home/peterr/macocu/task11/data_age/seg.iDjFgBnXNrs_5521.76-5541.67.wav,46.5,F,"Jelkovac, Marija"
/home/peterr/macocu/task11/data_age/seg.ARIAGjO3P9c_4336.69-4356.54.wav,46.5,F,"Jelkovac, Marija"
/home/peterr/macocu/task11/data_age/seg.6UtLzazc67o_16656.83-16676.41.wav,46.5,F,"Jelkovac, Marija"
/home/peterr/macocu/task11/data_age/seg.amGNo5659ms_6518.35-6537.66.wav,46.5,F,"Jelkovac, Marija"
/home/peterr/macocu/task11/data_age/seg.6UtLzazc67o_16676.56-16696.38.wav,46.5,F,"Jelkovac, Marija"
/home/peterr/macocu/task11/data_age/seg.Ux94YXzTmpo_4834.93-4854.79.wav,46.5,F,"Jelkovac, Marija"
/home/peterr/macocu/task11/data_age/seg.Kjyn-8vCedk_13214.43-13233.8.wav,46.5,F,"Jelkovac, Marija"
/home/peterr/macocu/task11/data_age/seg.Ffp0qCvvwOQ_7429.15-7448.88.wav,46.5,F,"Jelkovac, Marija"
/home/peterr/macocu/task11/data_age/seg.2fQFB7EUWeg_9028.04-9047.68.wav,46.5,F,"Jelkovac, Marija"
/home/peterr/macocu/task11/data_age/seg.iaSzdQ2bAew_8765.04-8785.02.wav,46.5,F,"Jelkovac, Marija"
/home/peterr/macocu/task11/data_age/seg.fYefibhmjGE_6618.3-6637.6.wav,46.5,F,"Jelkovac, Marija"
/home/peterr/macocu/task11/data_age/seg.hIiADZ6RRKE_10414.55-10433.67.wav,46.5,F,"Jelkovac, Marija"
/home/peterr/macocu/task11/data_age/seg.kwPRgrlJYB8_1192.82-1212.66.wav,57.0,F,"Alfirev, Marija"
/home/peterr/macocu/task11/data_age/seg.tvTuGZ_fgLM_1393.42-1408.61.wav,57.0,F,"Alfirev, Marija"
/home/peterr/macocu/task11/data_age/seg.b6xbH3vaOB0_15102.91-15122.85.wav,57.0,F,"Alfirev, Marija"
/home/peterr/macocu/task11/data_age/seg.C5AIqruVTag_12548.34-12556.36.wav,57.0,F,"Alfirev, Marija"
/home/peterr/macocu/task11/data_age/seg.aPVISDSjwcE_19218.27-19237.76.wav,57.0,F,"Alfirev, Marija"
/home/peterr/macocu/task11/data_age/seg.A44UFMcUAMU_3744.31-3764.15.wav,57.0,F,"Alfirev, Marija"
/home/peterr/macocu/task11/data_age/seg.BdKEjiXdnEc_21264.95-21284.23.wav,57.0,F,"Alfirev, Marija"
/home/peterr/macocu/task11/data_age/seg.xkLml1cYbQw_15016.04-15028.23.wav,57.0,F,"Alfirev, Marija"
/home/peterr/macocu/task11/data_age/seg.WBXffMn1G1E_15561.61-15579.41.wav,57.0,F,"Alfirev, Marija"
/home/peterr/macocu/task11/data_age/seg.tLvMF9pRrrU_21520.72-21540.65.wav,57.0,F,"Alfirev, Marija"
/home/peterr/macocu/task11/data_age/seg.GedIwR0D7bc_10275.35-10294.6.wav,57.0,F,"Alfirev, Marija"
/home/peterr/macocu/task11/data_age/seg.aPVISDSjwcE_19049.69-19063.39.wav,57.0,F,"Alfirev, Marija"
/home/peterr/macocu/task11/data_age/seg.4_yZqDEYbaw_19205.03-19224.65.wav,57.0,F,"Alfirev, Marija"
/home/peterr/macocu/task11/data_age/seg.A44UFMcUAMU_3553.59-3573.58.wav,57.0,F,"Alfirev, Marija"
/home/peterr/macocu/task11/data_age/seg.C5AIqruVTag_12234.64-12250.47.wav,57.0,F,"Alfirev, Marija"
/home/peterr/macocu/task11/data_age/seg.wIZU5TbDct4_11033.87-11053.81.wav,57.0,F,"Alfirev, Marija"
/home/peterr/macocu/task11/data_age/seg.PliNdWocAg4_20981.19-20994.66.wav,57.0,F,"Alfirev, Marija"
/home/peterr/macocu/task11/data_age/seg.2vEP630Av0s_16310.49-16321.41.wav,57.0,F,"Alfirev, Marija"
/home/peterr/macocu/task11/data_age/seg.tLvMF9pRrrU_21565.05-21584.25.wav,57.0,F,"Alfirev, Marija"
/home/peterr/macocu/task11/data_age/seg.4_yZqDEYbaw_18767.95-18787.0.wav,57.0,F,"Alfirev, Marija"
/home/peterr/macocu/task11/data_age/seg.oCdR2ybzGzI_10257.49-10277.26.wav,52.0,F,"Bedeković, Vesna"
/home/peterr/macocu/task11/data_age/seg.tvTuGZ_fgLM_4185.94-4200.4.wav,52.0,F,"Bedeković, Vesna"
/home/peterr/macocu/task11/data_age/seg.6EuGqDbXDRw_9179.83-9194.36.wav,52.0,F,"Bedeković, Vesna"
/home/peterr/macocu/task11/data_age/seg.EdneBkSz0DA_16336.78-16356.48.wav,52.0,F,"Bedeković, Vesna"
/home/peterr/macocu/task11/data_age/seg.5yky-shnXCM_1607.19-1626.15.wav,52.0,F,"Bedeković, Vesna"
/home/peterr/macocu/task11/data_age/seg.l_K8z4JMT9k_15701.25-15721.11.wav,52.0,F,"Bedeković, Vesna"
/home/peterr/macocu/task11/data_age/seg.Zq_p2_SIZHI_7199.65-7219.52.wav,52.0,F,"Bedeković, Vesna"
/home/peterr/macocu/task11/data_age/seg.tvTuGZ_fgLM_3972.32-3990.7.wav,52.0,F,"Bedeković, Vesna"
/home/peterr/macocu/task11/data_age/seg.6u3iGUTrdoo_19816.91-19836.84.wav,52.0,F,"Bedeković, Vesna"
/home/peterr/macocu/task11/data_age/seg.A44UFMcUAMU_2251.14-2262.06.wav,52.0,F,"Bedeković, Vesna"
/home/peterr/macocu/task11/data_age/seg.C5AIqruVTag_8059.38-8069.91.wav,52.0,F,"Bedeković, Vesna"
/home/peterr/macocu/task11/data_age/seg.A44UFMcUAMU_2127.58-2138.24.wav,52.0,F,"Bedeković, Vesna"
/home/peterr/macocu/task11/data_age/seg.SRhyViQQhoM_5454.04-5462.93.wav,52.0,F,"Bedeković, Vesna"
/home/peterr/macocu/task11/data_age/seg.qWbLMM4HNvE_17790.51-17810.32.wav,52.0,F,"Bedeković, Vesna"
/home/peterr/macocu/task11/data_age/seg.i2cfKyLYdWQ_3396.96-3415.07.wav,52.0,F,"Bedeković, Vesna"
/home/peterr/macocu/task11/data_age/seg.pmllF5pvtDA_12274.6-12290.76.wav,52.0,F,"Bedeković, Vesna"
/home/peterr/macocu/task11/data_age/seg.00ssxRS5L-4_10534.1-10553.69.wav,52.0,F,"Bedeković, Vesna"
/home/peterr/macocu/task11/data_age/seg.9iFCKtK5gdI_9570.42-9590.29.wav,52.0,F,"Bedeković, Vesna"
/home/peterr/macocu/task11/data_age/seg.4_yZqDEYbaw_21361.2-21381.2.wav,52.0,F,"Bedeković, Vesna"
/home/peterr/macocu/task11/data_age/seg.AeNlW_UjFR4_20986.16-21005.8.wav,52.0,F,"Bedeković, Vesna"
/home/peterr/macocu/task11/data_age/seg.G_-Ky7hOB1c_7457.48-7477.3.wav,52.0,F,"Lukačić, Ljubica"
/home/peterr/macocu/task11/data_age/seg.wIZU5TbDct4_1954.06-1972.65.wav,52.0,F,"Lukačić, Ljubica"
/home/peterr/macocu/task11/data_age/seg.05ONqG97F-0_4699.65-4719.55.wav,52.0,F,"Lukačić, Ljubica"
/home/peterr/macocu/task11/data_age/seg.K9IqJo93eoM_14941.36-14953.86.wav,52.0,F,"Lukačić, Ljubica"
/home/peterr/macocu/task11/data_age/seg.MJ9sB3Mu0Sw_10072.57-10092.43.wav,52.0,F,"Lukačić, Ljubica"
/home/peterr/macocu/task11/data_age/seg.2kUQdzTlrcw_5697.83-5714.53.wav,52.0,F,"Lukačić, Ljubica"
/home/peterr/macocu/task11/data_age/seg.MLOFJlAByCI_14189.72-14206.29.wav,52.0,F,"Lukačić, Ljubica"
/home/peterr/macocu/task11/data_age/seg.fUgeflZ_KAE_1124.61-1143.33.wav,52.0,F,"Lukačić, Ljubica"
/home/peterr/macocu/task11/data_age/seg.C5AIqruVTag_15159.97-15174.91.wav,52.0,F,"Lukačić, Ljubica"
/home/peterr/macocu/task11/data_age/seg.uw9F1iFk36s_4269.8-4289.7.wav,52.0,F,"Lukačić, Ljubica"
/home/peterr/macocu/task11/data_age/seg.yBTNOGgKNLE_11214.5-11232.88.wav,52.0,F,"Lukačić, Ljubica"
/home/peterr/macocu/task11/data_age/seg.bJ7jR4JlGpA_1881.11-1899.12.wav,52.0,F,"Lukačić, Ljubica"
/home/peterr/macocu/task11/data_age/seg.fUgeflZ_KAE_1373.38-1388.24.wav,52.0,F,"Lukačić, Ljubica"
/home/peterr/macocu/task11/data_age/seg.vRMwK8TW_tw_13061.3-13077.62.wav,52.0,F,"Lukačić, Ljubica"
/home/peterr/macocu/task11/data_age/seg.8YoRepMrTfc_8226.22-8243.49.wav,52.0,F,"Lukačić, Ljubica"
/home/peterr/macocu/task11/data_age/seg.MJ9sB3Mu0Sw_10267.39-10287.14.wav,52.0,F,"Lukačić, Ljubica"
/home/peterr/macocu/task11/data_age/seg.iVix4dxTdZQ_7256.57-7275.66.wav,52.0,F,"Lukačić, Ljubica"
/home/peterr/macocu/task11/data_age/seg.bJ7jR4JlGpA_2234.26-2249.87.wav,52.0,F,"Lukačić, Ljubica"
/home/peterr/macocu/task11/data_age/seg.K9IqJo93eoM_15074.35-15093.3.wav,52.0,F,"Lukačić, Ljubica"
/home/peterr/macocu/task11/data_age/seg.YODoaZEf0AA_3503.36-3523.04.wav,52.0,F,"Lukačić, Ljubica"
/home/peterr/macocu/task11/data_age/seg.COa-0-o_dbc_21040.66-21053.72.wav,55.0,F,"Turina-Đurić, Nada"
/home/peterr/macocu/task11/data_age/seg.GHHR1sqEfyg_2440.6-2451.94.wav,55.0,F,"Turina-Đurić, Nada"
/home/peterr/macocu/task11/data_age/seg.IF1blZ6YSMA_10758.33-10778.29.wav,55.0,F,"Turina-Đurić, Nada"
/home/peterr/macocu/task11/data_age/seg.y5Rpk9AIbMY_6863.13-6878.6.wav,55.0,F,"Turina-Đurić, Nada"
/home/peterr/macocu/task11/data_age/seg.x-UKz7MxhPA_8295.48-8315.14.wav,55.0,F,"Turina-Đurić, Nada"
/home/peterr/macocu/task11/data_age/seg.SRhyViQQhoM_10974.13-10993.58.wav,55.0,F,"Turina-Đurić, Nada"
/home/peterr/macocu/task11/data_age/seg.lD0E8AB6uHs_4159.65-4179.49.wav,55.0,F,"Turina-Đurić, Nada"
/home/peterr/macocu/task11/data_age/seg._QfqIOIdu_E_20965.87-20985.73.wav,55.0,F,"Turina-Đurić, Nada"
/home/peterr/macocu/task11/data_age/seg.vUcOuoVdoMg_11526.91-11544.82.wav,55.0,F,"Turina-Đurić, Nada"
/home/peterr/macocu/task11/data_age/seg.lD0E8AB6uHs_4278.77-4298.07.wav,55.0,F,"Turina-Đurić, Nada"
/home/peterr/macocu/task11/data_age/seg.btzBgb-_Skc_2435.92-2455.88.wav,55.0,F,"Turina-Đurić, Nada"
/home/peterr/macocu/task11/data_age/seg.K9IqJo93eoM_8987.97-9007.22.wav,55.0,F,"Turina-Đurić, Nada"
/home/peterr/macocu/task11/data_age/seg.LyoAhnR01MU_1934.82-1946.38.wav,55.0,F,"Turina-Đurić, Nada"
/home/peterr/macocu/task11/data_age/seg.cXQ1kCWVpas_10524.47-10533.99.wav,55.0,F,"Turina-Đurić, Nada"
/home/peterr/macocu/task11/data_age/seg.mVTR6CNSTs0_2209.06-2228.76.wav,55.0,F,"Turina-Đurić, Nada"
/home/peterr/macocu/task11/data_age/seg.ChLhsFZXpo0_10249.79-10267.48.wav,55.0,F,"Turina-Đurić, Nada"
/home/peterr/macocu/task11/data_age/seg.on9WnAhubWg_5802.07-5821.95.wav,55.0,F,"Turina-Đurić, Nada"
/home/peterr/macocu/task11/data_age/seg.COa-0-o_dbc_20017.33-20037.26.wav,55.0,F,"Turina-Đurić, Nada"
/home/peterr/macocu/task11/data_age/seg.a8PclGIE0bU_14949.7-14965.53.wav,55.0,F,"Turina-Đurić, Nada"
/home/peterr/macocu/task11/data_age/seg.oCdR2ybzGzI_4577.76-4595.62.wav,55.0,F,"Turina-Đurić, Nada"
/home/peterr/macocu/task11/data_age/seg.HmQceciBYwo_5695.63-5715.55.wav,42.0,F,"Jeckov, Dragana"
/home/peterr/macocu/task11/data_age/seg.aln8TypLXOM_18592.33-18604.57.wav,42.0,F,"Jeckov, Dragana"
/home/peterr/macocu/task11/data_age/seg.7rSFJYzX7DA_4821.07-4829.84.wav,42.0,F,"Jeckov, Dragana"
/home/peterr/macocu/task11/data_age/seg.3ELsSguCWM4_8161.49-8181.46.wav,42.0,F,"Jeckov, Dragana"
/home/peterr/macocu/task11/data_age/seg.C-7-3Cxi7WU_2044.01-2063.95.wav,42.0,F,"Jeckov, Dragana"
/home/peterr/macocu/task11/data_age/seg.s7v5eLALCvY_3553.82-3573.62.wav,42.0,F,"Jeckov, Dragana"
/home/peterr/macocu/task11/data_age/seg.OjQV7hrE9vE_6139.36-6159.32.wav,42.0,F,"Jeckov, Dragana"
/home/peterr/macocu/task11/data_age/seg.4_yZqDEYbaw_7507.17-7520.2.wav,42.0,F,"Jeckov, Dragana"
/home/peterr/macocu/task11/data_age/seg.Ejm2NksW8VU_4521.07-4530.07.wav,42.0,F,"Jeckov, Dragana"
/home/peterr/macocu/task11/data_age/seg.s7v5eLALCvY_3393.64-3412.98.wav,42.0,F,"Jeckov, Dragana"
/home/peterr/macocu/task11/data_age/seg.8LAI5kcBfVs_12285.62-12305.13.wav,42.0,F,"Jeckov, Dragana"
/home/peterr/macocu/task11/data_age/seg.-EO06cT21uY_8666.5-8686.24.wav,42.0,F,"Jeckov, Dragana"
/home/peterr/macocu/task11/data_age/seg.SvOjrvZ4PlY_2013.65-2033.5.wav,42.0,F,"Jeckov, Dragana"
/home/peterr/macocu/task11/data_age/seg.8LAI5kcBfVs_12699.62-12719.1.wav,42.0,F,"Jeckov, Dragana"
/home/peterr/macocu/task11/data_age/seg.kr7AcaY6GaU_13971.7-13991.59.wav,42.0,F,"Jeckov, Dragana"
/home/peterr/macocu/task11/data_age/seg.amGNo5659ms_8654.3-8673.44.wav,42.0,F,"Jeckov, Dragana"
/home/peterr/macocu/task11/data_age/seg.sSL8zQLuoRM_8966.12-8983.18.wav,42.0,F,"Jeckov, Dragana"
/home/peterr/macocu/task11/data_age/seg.BDN60AFiiYo_5151.62-5167.3.wav,42.0,F,"Jeckov, Dragana"
/home/peterr/macocu/task11/data_age/seg.MJ9sB3Mu0Sw_15167.16-15186.8.wav,42.0,F,"Jeckov, Dragana"
/home/peterr/macocu/task11/data_age/seg.xC6B2N9RvdQ_2994.52-3014.5.wav,42.0,F,"Jeckov, Dragana"
/home/peterr/macocu/task11/data_age/seg.qWbLMM4HNvE_21805.05-21824.9.wav,33.0,F,"Čikotić, Sonja"
/home/peterr/macocu/task11/data_age/seg.hxSDE1AXaww_14947.93-14967.61.wav,33.0,F,"Čikotić, Sonja"
/home/peterr/macocu/task11/data_age/seg.YILsA37yB6Q_6118.76-6138.38.wav,33.0,F,"Čikotić, Sonja"
/home/peterr/macocu/task11/data_age/seg._XViiCiau9E_7240.59-7260.05.wav,33.0,F,"Čikotić, Sonja"
/home/peterr/macocu/task11/data_age/seg.MbZGxmmrF-I_13138.69-13158.37.wav,33.0,F,"Čikotić, Sonja"
/home/peterr/macocu/task11/data_age/seg.OI1RRs1lbh0_6872.92-6891.91.wav,33.0,F,"Čikotić, Sonja"
/home/peterr/macocu/task11/data_age/seg.HmQceciBYwo_3173.28-3186.57.wav,33.0,F,"Čikotić, Sonja"
/home/peterr/macocu/task11/data_age/seg.OI1RRs1lbh0_6892.2-6912.16.wav,33.0,F,"Čikotić, Sonja"
/home/peterr/macocu/task11/data_age/seg.GW6f40F5DY8_397.38-414.39.wav,33.0,F,"Čikotić, Sonja"
/home/peterr/macocu/task11/data_age/seg.MTezksB47JU_4933.9-4952.34.wav,33.0,F,"Čikotić, Sonja"
/home/peterr/macocu/task11/data_age/seg.IbufHi751Ek_2123.91-2142.32.wav,33.0,F,"Čikotić, Sonja"
/home/peterr/macocu/task11/data_age/seg.MjfmdeHxy0o_4205.28-4225.2.wav,33.0,F,"Čikotić, Sonja"
/home/peterr/macocu/task11/data_age/seg.sZDjfPvSv5g_16088.65-16108.43.wav,33.0,F,"Čikotić, Sonja"
/home/peterr/macocu/task11/data_age/seg.OI1RRs1lbh0_6853.43-6872.92.wav,33.0,F,"Čikotić, Sonja"
/home/peterr/macocu/task11/data_age/seg.Bb47TxyW1do_5857.18-5876.94.wav,33.0,F,"Čikotić, Sonja"
/home/peterr/macocu/task11/data_age/seg.sxhksCUKafQ_574.26-593.87.wav,33.0,F,"Čikotić, Sonja"
/home/peterr/macocu/task11/data_age/seg.jvTAOH_dT0E_6477.31-6496.19.wav,33.0,F,"Čikotić, Sonja"
/home/peterr/macocu/task11/data_age/seg.YILsA37yB6Q_7100.62-7120.3.wav,33.0,F,"Čikotić, Sonja"
/home/peterr/macocu/task11/data_age/seg.R7FyjGMrgsE_4276.83-4296.68.wav,33.0,F,"Čikotić, Sonja"
/home/peterr/macocu/task11/data_age/seg.AeNlW_UjFR4_6569.25-6589.22.wav,33.0,F,"Čikotić, Sonja"
/home/peterr/macocu/task11/data_age/seg.VbHdjxinAXk_4824.37-4844.36.wav,29.5,F,"Vranješ, Dragica"
/home/peterr/macocu/task11/data_age/seg.N2W0YV7Osxs_15129.07-15148.84.wav,29.5,F,"Vranješ, Dragica"
/home/peterr/macocu/task11/data_age/seg.-k1z8behXXg_15099.55-15119.48.wav,29.5,F,"Vranješ, Dragica"
/home/peterr/macocu/task11/data_age/seg.bJ7jR4JlGpA_3734.93-3754.57.wav,29.5,F,"Vranješ, Dragica"
/home/peterr/macocu/task11/data_age/seg.VbHdjxinAXk_4844.36-4864.22.wav,29.5,F,"Vranješ, Dragica"
/home/peterr/macocu/task11/data_age/seg.1WBg7il8jfQ_19890.58-19910.51.wav,29.5,F,"Vranješ, Dragica"
/home/peterr/macocu/task11/data_age/seg.8W_RAdbBY2g_1994.11-2012.44.wav,29.5,F,"Vranješ, Dragica"
/home/peterr/macocu/task11/data_age/seg.3yuEqtP43QI_15393.45-15412.4.wav,29.5,F,"Vranješ, Dragica"
/home/peterr/macocu/task11/data_age/seg.x-UKz7MxhPA_1703.64-1723.47.wav,29.5,F,"Vranješ, Dragica"
/home/peterr/macocu/task11/data_age/seg.N2W0YV7Osxs_15148.84-15168.65.wav,29.5,F,"Vranješ, Dragica"
/home/peterr/macocu/task11/data_age/seg._AeGPyjo490_1031.07-1050.99.wav,29.5,F,"Vranješ, Dragica"
/home/peterr/macocu/task11/data_age/seg.6gTpUiJHZbw_590.99-610.46.wav,29.5,F,"Vranješ, Dragica"
/home/peterr/macocu/task11/data_age/seg.LawoafWqSs4_11020.89-11040.22.wav,29.5,F,"Vranješ, Dragica"
/home/peterr/macocu/task11/data_age/seg.JPO4ebnWWms_11938.18-11957.82.wav,29.5,F,"Vranješ, Dragica"
/home/peterr/macocu/task11/data_age/seg.Hlvu7goPx6c_14365.05-14383.03.wav,29.5,F,"Vranješ, Dragica"
/home/peterr/macocu/task11/data_age/seg.xC6B2N9RvdQ_8679.36-8699.25.wav,29.5,F,"Vranješ, Dragica"
/home/peterr/macocu/task11/data_age/seg.xC6B2N9RvdQ_8510.84-8529.08.wav,29.5,F,"Vranješ, Dragica"
/home/peterr/macocu/task11/data_age/seg.8W_RAdbBY2g_2038.25-2057.84.wav,29.5,F,"Vranješ, Dragica"
/home/peterr/macocu/task11/data_age/seg.5cjNUjCW6uo_13538.11-13558.11.wav,29.5,F,"Vranješ, Dragica"
/home/peterr/macocu/task11/data_age/seg.8W_RAdbBY2g_2058.19-2077.88.wav,29.5,F,"Vranješ, Dragica"
/home/peterr/macocu/task11/data_age/seg.wRedcoBr6Qk_8345.29-8354.77.wav,32.5,F,"Puh, Marija"
/home/peterr/macocu/task11/data_age/seg.0m0xyKyqqlA_13619.47-13639.18.wav,32.5,F,"Puh, Marija"
/home/peterr/macocu/task11/data_age/seg.lD_4BgHeorQ_1788.82-1808.58.wav,32.5,F,"Puh, Marija"
/home/peterr/macocu/task11/data_age/seg.JPO4ebnWWms_14357.13-14370.92.wav,32.5,F,"Puh, Marija"
/home/peterr/macocu/task11/data_age/seg.xSErR_WVD4g_5233.15-5243.89.wav,32.5,F,"Puh, Marija"
/home/peterr/macocu/task11/data_age/seg.QEfnMfmKfRk_6307.8-6317.38.wav,32.5,F,"Puh, Marija"
/home/peterr/macocu/task11/data_age/seg.o8FdsdWtvhc_10247.16-10265.37.wav,32.5,F,"Puh, Marija"
/home/peterr/macocu/task11/data_age/seg.0m0xyKyqqlA_13287.01-13298.83.wav,32.5,F,"Puh, Marija"
/home/peterr/macocu/task11/data_age/seg.XUegMjW5_z0_21608.8-21623.05.wav,32.5,F,"Puh, Marija"
/home/peterr/macocu/task11/data_age/seg.X6q9FnZVLss_8784.27-8792.98.wav,32.5,F,"Puh, Marija"
/home/peterr/macocu/task11/data_age/seg.xSErR_WVD4g_4381.4-4400.85.wav,32.5,F,"Puh, Marija"
/home/peterr/macocu/task11/data_age/seg._QJBBsT2u_E_3408.5-3428.34.wav,32.5,F,"Puh, Marija"
/home/peterr/macocu/task11/data_age/seg.qWbLMM4HNvE_11184.35-11199.18.wav,32.5,F,"Puh, Marija"
/home/peterr/macocu/task11/data_age/seg.GHHR1sqEfyg_17610.82-17630.76.wav,32.5,F,"Puh, Marija"
/home/peterr/macocu/task11/data_age/seg.wGcZ33lyWUY_14731.47-14747.48.wav,32.5,F,"Puh, Marija"
/home/peterr/macocu/task11/data_age/seg.a8PclGIE0bU_9072.62-9092.23.wav,32.5,F,"Puh, Marija"
/home/peterr/macocu/task11/data_age/seg.wRedcoBr6Qk_8893.13-8912.86.wav,32.5,F,"Puh, Marija"
/home/peterr/macocu/task11/data_age/seg.Cfti-MnqY7U_9119.66-9138.02.wav,32.5,F,"Puh, Marija"
/home/peterr/macocu/task11/data_age/seg.qNpeHxO0WzA_8193.57-8213.48.wav,32.5,F,"Puh, Marija"
/home/peterr/macocu/task11/data_age/seg.tLvMF9pRrrU_18410.02-18428.77.wav,32.5,F,"Puh, Marija"
/home/peterr/macocu/task11/data_age/seg.y5Rpk9AIbMY_16472.69-16492.58.wav,46.0,F,"Maksimčuk, Ljubica"
/home/peterr/macocu/task11/data_age/seg.BDN60AFiiYo_5789.92-5809.73.wav,46.0,F,"Maksimčuk, Ljubica"
/home/peterr/macocu/task11/data_age/seg.Y2U1PJH4kNs_12613.35-12633.32.wav,46.0,F,"Maksimčuk, Ljubica"
/home/peterr/macocu/task11/data_age/seg.PoKnVuqv4ik_2486.8-2500.51.wav,46.0,F,"Maksimčuk, Ljubica"
/home/peterr/macocu/task11/data_age/seg.x7iNlUeEEbs_4296.15-4316.09.wav,46.0,F,"Maksimčuk, Ljubica"
/home/peterr/macocu/task11/data_age/seg.X_6fTHwFfpM_13917.94-13937.83.wav,46.0,F,"Maksimčuk, Ljubica"
/home/peterr/macocu/task11/data_age/seg.Ow2zEc4S9Tk_5897.85-5917.55.wav,46.0,F,"Maksimčuk, Ljubica"
/home/peterr/macocu/task11/data_age/seg.9wxLAtT0uyc_6076.8-6096.77.wav,46.0,F,"Maksimčuk, Ljubica"
/home/peterr/macocu/task11/data_age/seg.6Ly_JAaLNKs_17423.54-17443.06.wav,46.0,F,"Maksimčuk, Ljubica"
/home/peterr/macocu/task11/data_age/seg.4f2EekXCNas_8200.98-8220.88.wav,46.0,F,"Maksimčuk, Ljubica"
/home/peterr/macocu/task11/data_age/seg.6Ly_JAaLNKs_17443.06-17458.79.wav,46.0,F,"Maksimčuk, Ljubica"
/home/peterr/macocu/task11/data_age/seg.y5Rpk9AIbMY_16540.23-16559.78.wav,46.0,F,"Maksimčuk, Ljubica"
/home/peterr/macocu/task11/data_age/seg.dfz6VqXRbmE_8483.31-8503.27.wav,46.0,F,"Maksimčuk, Ljubica"
/home/peterr/macocu/task11/data_age/seg.y9Sce1RIPM8_9918.59-9936.22.wav,46.0,F,"Maksimčuk, Ljubica"
/home/peterr/macocu/task11/data_age/seg.vJ4gib9EDcU_10945.55-10965.22.wav,46.0,F,"Maksimčuk, Ljubica"
/home/peterr/macocu/task11/data_age/seg.czW-aQjn04c_10079.1-10098.47.wav,46.0,F,"Maksimčuk, Ljubica"
/home/peterr/macocu/task11/data_age/seg.vJ4gib9EDcU_10010.96-10030.38.wav,46.0,F,"Maksimčuk, Ljubica"
/home/peterr/macocu/task11/data_age/seg.IF1blZ6YSMA_17802.69-17811.69.wav,46.0,F,"Maksimčuk, Ljubica"
/home/peterr/macocu/task11/data_age/seg.YODoaZEf0AA_13165.69-13181.99.wav,46.0,F,"Maksimčuk, Ljubica"
/home/peterr/macocu/task11/data_age/seg.FqvbevAiyYM_5358.9-5375.48.wav,46.0,F,"Maksimčuk, Ljubica"
/home/peterr/macocu/task11/data_age/seg.kh2G0vaaNkg_261.51-280.67.wav,51.0,F,"Glavak, Sunčana"
/home/peterr/macocu/task11/data_age/seg.Ejm2NksW8VU_3662.02-3681.3.wav,51.0,F,"Glavak, Sunčana"
/home/peterr/macocu/task11/data_age/seg.PliNdWocAg4_21887.02-21906.38.wav,51.0,F,"Glavak, Sunčana"
/home/peterr/macocu/task11/data_age/seg.KbyVU_5030Y_5882.62-5901.82.wav,51.0,F,"Glavak, Sunčana"
/home/peterr/macocu/task11/data_age/seg.P_Mg7lLr7cA_9793.97-9813.94.wav,51.0,F,"Glavak, Sunčana"
/home/peterr/macocu/task11/data_age/seg.1s4JHlcC_rM_14821.22-14841.16.wav,51.0,F,"Glavak, Sunčana"
/home/peterr/macocu/task11/data_age/seg.kh2G0vaaNkg_473.04-492.57.wav,51.0,F,"Glavak, Sunčana"
/home/peterr/macocu/task11/data_age/seg.y2Vs3GXDVyk_18996.63-19016.52.wav,51.0,F,"Glavak, Sunčana"
/home/peterr/macocu/task11/data_age/seg.Qrsj7poZmyQ_19191.28-19211.2.wav,51.0,F,"Glavak, Sunčana"
/home/peterr/macocu/task11/data_age/seg.kh2G0vaaNkg_582.26-602.08.wav,51.0,F,"Glavak, Sunčana"
/home/peterr/macocu/task11/data_age/seg.jvTAOH_dT0E_6150.14-6169.97.wav,51.0,F,"Glavak, Sunčana"
/home/peterr/macocu/task11/data_age/seg.Ejm2NksW8VU_4087.16-4106.67.wav,51.0,F,"Glavak, Sunčana"
/home/peterr/macocu/task11/data_age/seg.1s4JHlcC_rM_14860.15-14869.51.wav,51.0,F,"Glavak, Sunčana"
/home/peterr/macocu/task11/data_age/seg.MzGBkhrNCLo_8136.83-8156.44.wav,51.0,F,"Glavak, Sunčana"
/home/peterr/macocu/task11/data_age/seg.kh2G0vaaNkg_453.04-473.04.wav,51.0,F,"Glavak, Sunčana"
/home/peterr/macocu/task11/data_age/seg.KbyVU_5030Y_5596.46-5616.43.wav,51.0,F,"Glavak, Sunčana"
/home/peterr/macocu/task11/data_age/seg.Pm2I_V_CTSQ_4096.7-4116.53.wav,51.0,F,"Glavak, Sunčana"
/home/peterr/macocu/task11/data_age/seg.XdVZGBDBr8c_3802.26-3822.23.wav,51.0,F,"Glavak, Sunčana"
/home/peterr/macocu/task11/data_age/seg.Bb47TxyW1do_4063.43-4071.81.wav,51.0,F,"Glavak, Sunčana"
/home/peterr/macocu/task11/data_age/seg.Qx46Ey24m78_3785.56-3805.54.wav,51.0,F,"Glavak, Sunčana"
/home/peterr/macocu/task11/data_age/seg.vsnqvRMj2N8_10144.37-10156.44.wav,34.5,F,"Ninčević-Lesandrić, Ivana"
/home/peterr/macocu/task11/data_age/seg.SjYUK0CT7L4_1712.85-1727.35.wav,34.5,F,"Ninčević-Lesandrić, Ivana"
/home/peterr/macocu/task11/data_age/seg.SjYUK0CT7L4_8375.58-8395.39.wav,34.5,F,"Ninčević-Lesandrić, Ivana"
/home/peterr/macocu/task11/data_age/seg.vsnqvRMj2N8_2825.17-2844.76.wav,34.5,F,"Ninčević-Lesandrić, Ivana"
/home/peterr/macocu/task11/data_age/seg.CjM2LMQC4gg_21775.66-21794.1.wav,34.5,F,"Ninčević-Lesandrić, Ivana"
/home/peterr/macocu/task11/data_age/seg.uqqQn2P9PpY_7873.06-7892.73.wav,34.5,F,"Ninčević-Lesandrić, Ivana"
/home/peterr/macocu/task11/data_age/seg.5hKCeE0WXcQ_8129.38-8139.61.wav,34.5,F,"Ninčević-Lesandrić, Ivana"
/home/peterr/macocu/task11/data_age/seg.iaSzdQ2bAew_3224.98-3242.86.wav,34.5,F,"Ninčević-Lesandrić, Ivana"
/home/peterr/macocu/task11/data_age/seg.vsnqvRMj2N8_10360.45-10380.29.wav,34.5,F,"Ninčević-Lesandrić, Ivana"
/home/peterr/macocu/task11/data_age/seg.1WBg7il8jfQ_6592.81-6612.56.wav,34.5,F,"Ninčević-Lesandrić, Ivana"
/home/peterr/macocu/task11/data_age/seg.vsnqvRMj2N8_10683.67-10703.39.wav,34.5,F,"Ninčević-Lesandrić, Ivana"
/home/peterr/macocu/task11/data_age/seg.uqqQn2P9PpY_7255.07-7273.56.wav,34.5,F,"Ninčević-Lesandrić, Ivana"
/home/peterr/macocu/task11/data_age/seg.5hKCeE0WXcQ_7342.7-7362.43.wav,34.5,F,"Ninčević-Lesandrić, Ivana"
/home/peterr/macocu/task11/data_age/seg.Pm2I_V_CTSQ_2669.37-2689.23.wav,34.5,F,"Ninčević-Lesandrić, Ivana"
/home/peterr/macocu/task11/data_age/seg.4RMePUWtpD0_8053.58-8068.03.wav,34.5,F,"Ninčević-Lesandrić, Ivana"
/home/peterr/macocu/task11/data_age/seg.4RMePUWtpD0_6478.03-6497.7.wav,34.5,F,"Ninčević-Lesandrić, Ivana"
/home/peterr/macocu/task11/data_age/seg.1WBg7il8jfQ_6508.54-6528.1.wav,34.5,F,"Ninčević-Lesandrić, Ivana"
/home/peterr/macocu/task11/data_age/seg.iaSzdQ2bAew_3790.93-3808.87.wav,34.5,F,"Ninčević-Lesandrić, Ivana"
/home/peterr/macocu/task11/data_age/seg.-aa4kot7dUU_19973.1-19982.89.wav,34.5,F,"Ninčević-Lesandrić, Ivana"
/home/peterr/macocu/task11/data_age/seg.1WBg7il8jfQ_6860.98-6880.72.wav,34.5,F,"Ninčević-Lesandrić, Ivana"
/home/peterr/macocu/task11/data_age/seg.2vEP630Av0s_5232.04-5252.0.wav,59.0,F,"Topolko, Bernarda"
/home/peterr/macocu/task11/data_age/seg.2vEP630Av0s_5094.71-5113.77.wav,59.0,F,"Topolko, Bernarda"
/home/peterr/macocu/task11/data_age/seg.8LAI5kcBfVs_14681.62-14693.75.wav,59.0,F,"Topolko, Bernarda"
/home/peterr/macocu/task11/data_age/seg.lLuRksi0rvY_8414.84-8434.75.wav,59.0,F,"Topolko, Bernarda"
/home/peterr/macocu/task11/data_age/seg.U4L5-6b9enE_3242.18-3251.02.wav,59.0,F,"Topolko, Bernarda"
/home/peterr/macocu/task11/data_age/seg.VyeKrbwhKN0_16141.94-16161.35.wav,59.0,F,"Topolko, Bernarda"
/home/peterr/macocu/task11/data_age/seg.2vEP630Av0s_8899.52-8919.15.wav,59.0,F,"Topolko, Bernarda"
/home/peterr/macocu/task11/data_age/seg.VyeKrbwhKN0_16308.36-16327.94.wav,59.0,F,"Topolko, Bernarda"
/home/peterr/macocu/task11/data_age/seg.IbufHi751Ek_1718.93-1738.85.wav,59.0,F,"Topolko, Bernarda"
/home/peterr/macocu/task11/data_age/seg.aK2XWyzkG94_7973.52-7983.31.wav,59.0,F,"Topolko, Bernarda"
/home/peterr/macocu/task11/data_age/seg._Ay-MZKSeIc_11463.4-11482.91.wav,59.0,F,"Topolko, Bernarda"
/home/peterr/macocu/task11/data_age/seg.OmcDtlzv2Xs_11955.64-11974.31.wav,59.0,F,"Topolko, Bernarda"
/home/peterr/macocu/task11/data_age/seg.wIZU5TbDct4_4886.91-4906.84.wav,59.0,F,"Topolko, Bernarda"
/home/peterr/macocu/task11/data_age/seg.jus1M1j8vPo_14400.65-14420.33.wav,59.0,F,"Topolko, Bernarda"
/home/peterr/macocu/task11/data_age/seg.DvtrHZD2T0A_6296.96-6309.62.wav,59.0,F,"Topolko, Bernarda"
/home/peterr/macocu/task11/data_age/seg.ybEMp_PEdeY_11115.92-11132.0.wav,59.0,F,"Topolko, Bernarda"
/home/peterr/macocu/task11/data_age/seg.SpYPAZPO3hE_19783.68-19803.41.wav,59.0,F,"Topolko, Bernarda"
/home/peterr/macocu/task11/data_age/seg.tvTuGZ_fgLM_8118.81-8138.69.wav,59.0,F,"Topolko, Bernarda"
/home/peterr/macocu/task11/data_age/seg.U4L5-6b9enE_3423.78-3433.11.wav,59.0,F,"Topolko, Bernarda"
/home/peterr/macocu/task11/data_age/seg.IF1blZ6YSMA_11658.13-11671.04.wav,59.0,F,"Topolko, Bernarda"
/home/peterr/macocu/task11/data_age/seg.wIZU5TbDct4_9738.46-9758.38.wav,54.0,F,"Jerković, Romana"
/home/peterr/macocu/task11/data_age/seg.cZ5xMJ7MZQ4_8707.4-8726.48.wav,54.0,F,"Jerković, Romana"
/home/peterr/macocu/task11/data_age/seg.0m0xyKyqqlA_6715.52-6735.0.wav,54.0,F,"Jerković, Romana"
/home/peterr/macocu/task11/data_age/seg.sSL8zQLuoRM_15033.4-15050.98.wav,54.0,F,"Jerković, Romana"
/home/peterr/macocu/task11/data_age/seg.0m0xyKyqqlA_8359.54-8368.14.wav,54.0,F,"Jerković, Romana"
/home/peterr/macocu/task11/data_age/seg._Ay-MZKSeIc_10312.38-10323.62.wav,54.0,F,"Jerković, Romana"
/home/peterr/macocu/task11/data_age/seg.CYBkG0--J8c_12499.03-12513.43.wav,54.0,F,"Jerković, Romana"
/home/peterr/macocu/task11/data_age/seg.wIZU5TbDct4_9939.01-9956.82.wav,54.0,F,"Jerković, Romana"
/home/peterr/macocu/task11/data_age/seg.sSL8zQLuoRM_15219.24-15238.97.wav,54.0,F,"Jerković, Romana"
/home/peterr/macocu/task11/data_age/seg.wIZU5TbDct4_9789.05-9808.13.wav,54.0,F,"Jerković, Romana"
/home/peterr/macocu/task11/data_age/seg.dAeQtmiiIYE_14146.93-14166.51.wav,54.0,F,"Jerković, Romana"
/home/peterr/macocu/task11/data_age/seg.HJps7tTjkpg_6160.5-6175.69.wav,54.0,F,"Jerković, Romana"
/home/peterr/macocu/task11/data_age/seg.cZ5xMJ7MZQ4_9266.57-9280.71.wav,54.0,F,"Jerković, Romana"
/home/peterr/macocu/task11/data_age/seg.WERiM2OV6BU_1119.41-1139.22.wav,54.0,F,"Jerković, Romana"
/home/peterr/macocu/task11/data_age/seg.cZ5xMJ7MZQ4_9013.8-9033.49.wav,54.0,F,"Jerković, Romana"
/home/peterr/macocu/task11/data_age/seg.P_Mg7lLr7cA_17332.44-17348.64.wav,54.0,F,"Jerković, Romana"
/home/peterr/macocu/task11/data_age/seg.cZ5xMJ7MZQ4_8957.19-8971.66.wav,54.0,F,"Jerković, Romana"
/home/peterr/macocu/task11/data_age/seg.cZ5xMJ7MZQ4_9979.13-9998.39.wav,54.0,F,"Jerković, Romana"
/home/peterr/macocu/task11/data_age/seg.b6xbH3vaOB0_8897.59-8916.53.wav,54.0,F,"Jerković, Romana"
/home/peterr/macocu/task11/data_age/seg.0m0xyKyqqlA_7052.72-7072.6.wav,54.0,F,"Jerković, Romana"
/home/peterr/macocu/task11/data_age/seg.NjJetqVr5IQ_13007.55-13022.25.wav,40.5,F,"Josić, Željka"
/home/peterr/macocu/task11/data_age/seg.Y2U1PJH4kNs_9613.12-9632.78.wav,40.5,F,"Josić, Željka"
/home/peterr/macocu/task11/data_age/seg.wIZU5TbDct4_10317.73-10330.43.wav,40.5,F,"Josić, Željka"
/home/peterr/macocu/task11/data_age/seg.Kjyn-8vCedk_9872.01-9891.45.wav,40.5,F,"Josić, Željka"
/home/peterr/macocu/task11/data_age/seg.HmQceciBYwo_4042.51-4062.08.wav,40.5,F,"Josić, Željka"
/home/peterr/macocu/task11/data_age/seg.05ONqG97F-0_7714.93-7734.7.wav,40.5,F,"Josić, Željka"
/home/peterr/macocu/task11/data_age/seg.xSErR_WVD4g_17183.22-17198.38.wav,40.5,F,"Josić, Željka"
/home/peterr/macocu/task11/data_age/seg.HmQceciBYwo_3759.55-3779.09.wav,40.5,F,"Josić, Željka"
/home/peterr/macocu/task11/data_age/seg.Ow2zEc4S9Tk_10240.5-10252.81.wav,40.5,F,"Josić, Željka"
/home/peterr/macocu/task11/data_age/seg._Ay-MZKSeIc_14688.27-14701.96.wav,40.5,F,"Josić, Željka"
/home/peterr/macocu/task11/data_age/seg.BDN60AFiiYo_5936.49-5956.44.wav,40.5,F,"Josić, Željka"
/home/peterr/macocu/task11/data_age/seg.BDN60AFiiYo_5665.09-5684.95.wav,40.5,F,"Josić, Željka"
/home/peterr/macocu/task11/data_age/seg.xSErR_WVD4g_16931.93-16948.85.wav,40.5,F,"Josić, Željka"
/home/peterr/macocu/task11/data_age/seg.XDOVoojci5A_3722.51-3742.31.wav,40.5,F,"Josić, Željka"
/home/peterr/macocu/task11/data_age/seg.PliNdWocAg4_14384.47-14404.45.wav,40.5,F,"Josić, Željka"
/home/peterr/macocu/task11/data_age/seg.xSErR_WVD4g_17147.42-17161.39.wav,40.5,F,"Josić, Željka"
/home/peterr/macocu/task11/data_age/seg.Kjyn-8vCedk_2251.99-2264.32.wav,40.5,F,"Josić, Željka"
/home/peterr/macocu/task11/data_age/seg.xSErR_WVD4g_16967.0-16978.45.wav,40.5,F,"Josić, Željka"
/home/peterr/macocu/task11/data_age/seg.wRedcoBr6Qk_5185.58-5202.14.wav,40.5,F,"Josić, Željka"
/home/peterr/macocu/task11/data_age/seg.XaIOfT95BMk_4482.6-4496.55.wav,40.5,F,"Josić, Željka"
/home/peterr/macocu/task11/data_age/seg.AvstVNaI4Ks_4911.06-4925.0.wav,41.0,F,"Petin, Ana-Marija"
/home/peterr/macocu/task11/data_age/seg.5T4HXO1WsDU_12541.77-12561.02.wav,41.0,F,"Petin, Ana-Marija"
/home/peterr/macocu/task11/data_age/seg.ActgoDTrcWA_10166.11-10185.43.wav,41.0,F,"Petin, Ana-Marija"
/home/peterr/macocu/task11/data_age/seg.MzGBkhrNCLo_9516.0-9535.56.wav,41.0,F,"Petin, Ana-Marija"
/home/peterr/macocu/task11/data_age/seg.fY6dvnwAXR0_7133.33-7148.23.wav,41.0,F,"Petin, Ana-Marija"
/home/peterr/macocu/task11/data_age/seg.5T4HXO1WsDU_11033.05-11053.01.wav,41.0,F,"Petin, Ana-Marija"
/home/peterr/macocu/task11/data_age/seg.uvHhJaY_baU_14490.54-14509.73.wav,41.0,F,"Petin, Ana-Marija"
/home/peterr/macocu/task11/data_age/seg.4WVLXQtcQ5c_8603.66-8623.36.wav,41.0,F,"Petin, Ana-Marija"
/home/peterr/macocu/task11/data_age/seg.13CIIGY5gg0_13199.1-13218.51.wav,41.0,F,"Petin, Ana-Marija"
/home/peterr/macocu/task11/data_age/seg.MzGBkhrNCLo_9438.09-9457.67.wav,41.0,F,"Petin, Ana-Marija"
/home/peterr/macocu/task11/data_age/seg.5hKCeE0WXcQ_4078.08-4087.49.wav,41.0,F,"Petin, Ana-Marija"
/home/peterr/macocu/task11/data_age/seg.MzGBkhrNCLo_9866.09-9886.06.wav,41.0,F,"Petin, Ana-Marija"
/home/peterr/macocu/task11/data_age/seg.4WVLXQtcQ5c_7835.59-7855.42.wav,41.0,F,"Petin, Ana-Marija"
/home/peterr/macocu/task11/data_age/seg.MzGBkhrNCLo_8885.78-8905.67.wav,41.0,F,"Petin, Ana-Marija"
/home/peterr/macocu/task11/data_age/seg.MzGBkhrNCLo_8930.19-8949.92.wav,41.0,F,"Petin, Ana-Marija"
/home/peterr/macocu/task11/data_age/seg.5T4HXO1WsDU_10651.49-10671.45.wav,41.0,F,"Petin, Ana-Marija"
/home/peterr/macocu/task11/data_age/seg.AvstVNaI4Ks_5791.41-5811.12.wav,41.0,F,"Petin, Ana-Marija"
/home/peterr/macocu/task11/data_age/seg.AvstVNaI4Ks_4310.05-4329.93.wav,41.0,F,"Petin, Ana-Marija"
/home/peterr/macocu/task11/data_age/seg.5T4HXO1WsDU_10533.61-10552.88.wav,41.0,F,"Petin, Ana-Marija"
/home/peterr/macocu/task11/data_age/seg.5hKCeE0WXcQ_4318.5-4337.98.wav,41.0,F,"Petin, Ana-Marija"
/home/peterr/macocu/task11/data_age/seg.JfqdrI7Xd_8_12139.93-12150.92.wav,41.0,F,"Luc-Polanc, Marta"
/home/peterr/macocu/task11/data_age/seg.VbHdjxinAXk_9258.28-9278.22.wav,41.0,F,"Luc-Polanc, Marta"
/home/peterr/macocu/task11/data_age/seg.JfqdrI7Xd_8_12173.37-12193.26.wav,41.0,F,"Luc-Polanc, Marta"
/home/peterr/macocu/task11/data_age/seg.8yAOn0sZhI4_21507.06-21516.56.wav,41.0,F,"Luc-Polanc, Marta"
/home/peterr/macocu/task11/data_age/seg.VbHdjxinAXk_9226.39-9245.9.wav,41.0,F,"Luc-Polanc, Marta"
/home/peterr/macocu/task11/data_age/seg.bFuM6vBlCQE_10101.1-10109.51.wav,41.0,F,"Luc-Polanc, Marta"
/home/peterr/macocu/task11/data_age/seg.2kUQdzTlrcw_6529.03-6548.58.wav,41.0,F,"Luc-Polanc, Marta"
/home/peterr/macocu/task11/data_age/seg.4f2EekXCNas_9751.23-9761.7.wav,41.0,F,"Luc-Polanc, Marta"
/home/peterr/macocu/task11/data_age/seg.4KAefCQbnnM_8164.48-8180.87.wav,41.0,F,"Luc-Polanc, Marta"
/home/peterr/macocu/task11/data_age/seg.zzEYIorfRmM_16144.49-16164.43.wav,41.0,F,"Luc-Polanc, Marta"
/home/peterr/macocu/task11/data_age/seg.bFuM6vBlCQE_10220.77-10240.26.wav,41.0,F,"Luc-Polanc, Marta"
/home/peterr/macocu/task11/data_age/seg.8yAOn0sZhI4_21351.53-21371.08.wav,41.0,F,"Luc-Polanc, Marta"
/home/peterr/macocu/task11/data_age/seg.zzEYIorfRmM_15271.59-15291.42.wav,41.0,F,"Luc-Polanc, Marta"
/home/peterr/macocu/task11/data_age/seg.1QYBXziV7rU_20933.91-20951.26.wav,41.0,F,"Luc-Polanc, Marta"
/home/peterr/macocu/task11/data_age/seg.BtuXfHucWtU_21552.26-21562.9.wav,41.0,F,"Luc-Polanc, Marta"
/home/peterr/macocu/task11/data_age/seg.2fQFB7EUWeg_5101.37-5120.95.wav,41.0,F,"Luc-Polanc, Marta"
/home/peterr/macocu/task11/data_age/seg.1QYBXziV7rU_21005.34-21014.07.wav,41.0,F,"Luc-Polanc, Marta"
/home/peterr/macocu/task11/data_age/seg.bFuM6vBlCQE_10505.3-10521.3.wav,41.0,F,"Luc-Polanc, Marta"
/home/peterr/macocu/task11/data_age/seg.Yht1wCkxWF4_4380.74-4400.01.wav,41.0,F,"Luc-Polanc, Marta"
/home/peterr/macocu/task11/data_age/seg.EWvgCI72HpM_3859.95-3879.78.wav,41.0,F,"Luc-Polanc, Marta"
/home/peterr/macocu/task11/data_age/seg.hIiADZ6RRKE_9672.95-9692.63.wav,46.0,F,"Sabolek, Snježana"
/home/peterr/macocu/task11/data_age/seg.dvDYDmngXjk_17563.89-17583.82.wav,46.0,F,"Sabolek, Snježana"
/home/peterr/macocu/task11/data_age/seg.UHy6n1k-Jno_5918.98-5938.43.wav,46.0,F,"Sabolek, Snježana"
/home/peterr/macocu/task11/data_age/seg.8DJUjkE6g2A_12117.45-12137.25.wav,46.0,F,"Sabolek, Snježana"
/home/peterr/macocu/task11/data_age/seg.ARIAGjO3P9c_9378.8-9394.62.wav,46.0,F,"Sabolek, Snježana"
/home/peterr/macocu/task11/data_age/seg.-EO06cT21uY_6401.27-6418.29.wav,46.0,F,"Sabolek, Snježana"
/home/peterr/macocu/task11/data_age/seg.YFGScZznWNY_12980.66-13000.66.wav,46.0,F,"Sabolek, Snježana"
/home/peterr/macocu/task11/data_age/seg.-EO06cT21uY_6426.34-6446.14.wav,46.0,F,"Sabolek, Snježana"
/home/peterr/macocu/task11/data_age/seg.t9P6Cu30UFQ_14217.69-14226.02.wav,46.0,F,"Sabolek, Snježana"
/home/peterr/macocu/task11/data_age/seg.sWBe0km86mA_9380.87-9400.47.wav,46.0,F,"Sabolek, Snježana"
/home/peterr/macocu/task11/data_age/seg.bpSzw3M7ZJ4_3461.14-3480.62.wav,46.0,F,"Sabolek, Snježana"
/home/peterr/macocu/task11/data_age/seg.0b6RVqesEUE_21592.24-21612.23.wav,46.0,F,"Sabolek, Snježana"
/home/peterr/macocu/task11/data_age/seg.BDN60AFiiYo_9232.58-9252.45.wav,46.0,F,"Sabolek, Snježana"
/home/peterr/macocu/task11/data_age/seg.8DJUjkE6g2A_12156.69-12170.38.wav,46.0,F,"Sabolek, Snježana"
/home/peterr/macocu/task11/data_age/seg.YFGScZznWNY_13016.99-13034.12.wav,46.0,F,"Sabolek, Snježana"
/home/peterr/macocu/task11/data_age/seg.0b6RVqesEUE_21484.73-21504.44.wav,46.0,F,"Sabolek, Snježana"
/home/peterr/macocu/task11/data_age/seg.ytNmldJ8awI_2517.59-2537.26.wav,46.0,F,"Sabolek, Snježana"
/home/peterr/macocu/task11/data_age/seg.ROfl1iWhWyw_3304.04-3318.69.wav,46.0,F,"Sabolek, Snježana"
/home/peterr/macocu/task11/data_age/seg.0b6RVqesEUE_21544.1-21559.3.wav,46.0,F,"Sabolek, Snježana"
/home/peterr/macocu/task11/data_age/seg.ARIAGjO3P9c_9307.04-9326.81.wav,46.0,F,"Sabolek, Snježana"
/home/peterr/macocu/task11/data_age/seg.A44UFMcUAMU_922.22-942.1.wav,39.0,F,"Putica, Sanja"
/home/peterr/macocu/task11/data_age/seg.Zq_p2_SIZHI_6245.79-6256.91.wav,39.0,F,"Putica, Sanja"
/home/peterr/macocu/task11/data_age/seg.C6IiD0LJ56E_6679.92-6699.03.wav,39.0,F,"Putica, Sanja"
/home/peterr/macocu/task11/data_age/seg.BMBA_mVyQYs_7096.12-7107.64.wav,39.0,F,"Putica, Sanja"
/home/peterr/macocu/task11/data_age/seg.o8FdsdWtvhc_5648.52-5665.08.wav,39.0,F,"Putica, Sanja"
/home/peterr/macocu/task11/data_age/seg.AeNlW_UjFR4_19444.55-19464.47.wav,39.0,F,"Putica, Sanja"
/home/peterr/macocu/task11/data_age/seg.kh2G0vaaNkg_5737.15-5755.26.wav,39.0,F,"Putica, Sanja"
/home/peterr/macocu/task11/data_age/seg.jvTAOH_dT0E_9329.6-9345.45.wav,39.0,F,"Putica, Sanja"
/home/peterr/macocu/task11/data_age/seg.BdKEjiXdnEc_9258.88-9277.49.wav,39.0,F,"Putica, Sanja"
/home/peterr/macocu/task11/data_age/seg.BdKEjiXdnEc_9309.1-9328.72.wav,39.0,F,"Putica, Sanja"
/home/peterr/macocu/task11/data_age/seg.X_6fTHwFfpM_18536.05-18546.29.wav,39.0,F,"Putica, Sanja"
/home/peterr/macocu/task11/data_age/seg.A44UFMcUAMU_902.38-922.22.wav,39.0,F,"Putica, Sanja"
/home/peterr/macocu/task11/data_age/seg.O-3YNW9gAaw_9369.76-9379.16.wav,39.0,F,"Putica, Sanja"
/home/peterr/macocu/task11/data_age/seg.y1P0xTGUfkQ_10861.82-10875.31.wav,39.0,F,"Putica, Sanja"
/home/peterr/macocu/task11/data_age/seg.BdKEjiXdnEc_9278.51-9287.97.wav,39.0,F,"Putica, Sanja"
/home/peterr/macocu/task11/data_age/seg.w-mXysdhZaU_14005.77-14018.67.wav,39.0,F,"Putica, Sanja"
/home/peterr/macocu/task11/data_age/seg.BdKEjiXdnEc_9368.54-9388.1.wav,39.0,F,"Putica, Sanja"
/home/peterr/macocu/task11/data_age/seg.4I1CHN8ZRCA_14201.1-14220.15.wav,39.0,F,"Putica, Sanja"
/home/peterr/macocu/task11/data_age/seg.y1P0xTGUfkQ_10896.73-10913.16.wav,39.0,F,"Putica, Sanja"
/home/peterr/macocu/task11/data_age/seg.O-3YNW9gAaw_9212.19-9220.7.wav,39.0,F,"Putica, Sanja"
/home/peterr/macocu/task11/data_age/seg.YODoaZEf0AA_6591.8-6611.78.wav,49.0,F,"Opačić, Milanka"
/home/peterr/macocu/task11/data_age/seg.wVBCWM4Gofs_6663.91-6683.29.wav,49.0,F,"Opačić, Milanka"
/home/peterr/macocu/task11/data_age/seg.YODoaZEf0AA_6222.21-6236.64.wav,49.0,F,"Opačić, Milanka"
/home/peterr/macocu/task11/data_age/seg.1vBE8P0VWO4_6454.64-6473.99.wav,49.0,F,"Opačić, Milanka"
/home/peterr/macocu/task11/data_age/seg.BDN60AFiiYo_7543.75-7563.49.wav,49.0,F,"Opačić, Milanka"
/home/peterr/macocu/task11/data_age/seg.xSErR_WVD4g_10839.88-10859.63.wav,49.0,F,"Opačić, Milanka"
/home/peterr/macocu/task11/data_age/seg.YODoaZEf0AA_6258.01-6276.3.wav,49.0,F,"Opačić, Milanka"
/home/peterr/macocu/task11/data_age/seg.MSAqVhtPUJg_8390.78-8408.18.wav,49.0,F,"Opačić, Milanka"
/home/peterr/macocu/task11/data_age/seg.y4aKCsfR3PM_4871.2-4891.02.wav,49.0,F,"Opačić, Milanka"
/home/peterr/macocu/task11/data_age/seg.wVBCWM4Gofs_7852.93-7872.88.wav,49.0,F,"Opačić, Milanka"
/home/peterr/macocu/task11/data_age/seg.y4aKCsfR3PM_5135.01-5154.5.wav,49.0,F,"Opačić, Milanka"
/home/peterr/macocu/task11/data_age/seg.wVBCWM4Gofs_8189.53-8209.23.wav,49.0,F,"Opačić, Milanka"
/home/peterr/macocu/task11/data_age/seg.vjsshG0eI0U_7979.2-7999.17.wav,49.0,F,"Opačić, Milanka"
/home/peterr/macocu/task11/data_age/seg.wVBCWM4Gofs_6994.07-7013.7.wav,49.0,F,"Opačić, Milanka"
/home/peterr/macocu/task11/data_age/seg.aREz9ikOhRE_6679.68-6699.63.wav,49.0,F,"Opačić, Milanka"
/home/peterr/macocu/task11/data_age/seg.5T4HXO1WsDU_5128.73-5139.94.wav,49.0,F,"Opačić, Milanka"
/home/peterr/macocu/task11/data_age/seg.-EO06cT21uY_6630.05-6643.08.wav,49.0,F,"Opačić, Milanka"
/home/peterr/macocu/task11/data_age/seg.wVBCWM4Gofs_7571.21-7590.97.wav,49.0,F,"Opačić, Milanka"
/home/peterr/macocu/task11/data_age/seg.BDN60AFiiYo_8084.53-8104.19.wav,49.0,F,"Opačić, Milanka"
/home/peterr/macocu/task11/data_age/seg.wVBCWM4Gofs_7390.63-7410.29.wav,49.0,F,"Opačić, Milanka"
/home/peterr/macocu/task11/data_age/seg.cGPQJxhHtt4_7295.69-7315.67.wav,37.5,F,"Balić, Marijana"
/home/peterr/macocu/task11/data_age/seg.5WDx2n2vP14_4098.81-4118.68.wav,37.5,F,"Balić, Marijana"
/home/peterr/macocu/task11/data_age/seg.SjYUK0CT7L4_3341.83-3361.55.wav,37.5,F,"Balić, Marijana"
/home/peterr/macocu/task11/data_age/seg.BDN60AFiiYo_10590.31-10609.94.wav,37.5,F,"Balić, Marijana"
/home/peterr/macocu/task11/data_age/seg.9OonssGSXmM_5791.64-5811.61.wav,37.5,F,"Balić, Marijana"
/home/peterr/macocu/task11/data_age/seg.0B0WeuW03SY_9174.59-9194.57.wav,37.5,F,"Balić, Marijana"
/home/peterr/macocu/task11/data_age/seg.i_MhUhjYUEk_1651.23-1671.2.wav,37.5,F,"Balić, Marijana"
/home/peterr/macocu/task11/data_age/seg.rFVDr4ghXlQ_2884.97-2904.65.wav,37.5,F,"Balić, Marijana"
/home/peterr/macocu/task11/data_age/seg.rFVDr4ghXlQ_2865.31-2884.97.wav,37.5,F,"Balić, Marijana"
/home/peterr/macocu/task11/data_age/seg.bv67e1t69T8_11291.1-11310.8.wav,37.5,F,"Balić, Marijana"
/home/peterr/macocu/task11/data_age/seg.dpKsbH3SErQ_19905.14-19925.12.wav,37.5,F,"Balić, Marijana"
/home/peterr/macocu/task11/data_age/seg.dpKsbH3SErQ_19925.12-19945.12.wav,37.5,F,"Balić, Marijana"
/home/peterr/macocu/task11/data_age/seg.BDN60AFiiYo_10649.43-10658.53.wav,37.5,F,"Balić, Marijana"
/home/peterr/macocu/task11/data_age/seg.KCyaUbuKtRM_1476.09-1495.76.wav,37.5,F,"Balić, Marijana"
/home/peterr/macocu/task11/data_age/seg.5WDx2n2vP14_3980.57-3999.98.wav,37.5,F,"Balić, Marijana"
/home/peterr/macocu/task11/data_age/seg.KCyaUbuKtRM_1535.1-1554.98.wav,37.5,F,"Balić, Marijana"
/home/peterr/macocu/task11/data_age/seg.OwPxn21xK9U_1832.7-1852.7.wav,37.5,F,"Balić, Marijana"
/home/peterr/macocu/task11/data_age/seg.l8zdyfQzMbc_5671.7-5691.39.wav,37.5,F,"Balić, Marijana"
/home/peterr/macocu/task11/data_age/seg.rFVDr4ghXlQ_18817.64-18837.64.wav,37.5,F,"Balić, Marijana"
/home/peterr/macocu/task11/data_age/seg.SjYUK0CT7L4_3207.36-3223.9.wav,37.5,F,"Balić, Marijana"
/home/peterr/macocu/task11/data_age/seg.OtjBtkE-rKI_10144.35-10164.18.wav,38.0,M,"Đujić, Saša"
/home/peterr/macocu/task11/data_age/seg.eEqtOY6RRH0_11156.47-11176.02.wav,38.0,M,"Đujić, Saša"
/home/peterr/macocu/task11/data_age/seg.pppYdJRPHHk_11637.52-11657.16.wav,38.0,M,"Đujić, Saša"
/home/peterr/macocu/task11/data_age/seg.ARIAGjO3P9c_15184.38-15204.28.wav,38.0,M,"Đujić, Saša"
/home/peterr/macocu/task11/data_age/seg.YWK2AWP0Tq0_1974.89-1994.85.wav,38.0,M,"Đujić, Saša"
/home/peterr/macocu/task11/data_age/seg.rwxXXCrpWBU_6737.57-6750.45.wav,38.0,M,"Đujić, Saša"
/home/peterr/macocu/task11/data_age/seg.xkLml1cYbQw_12196.61-12216.41.wav,38.0,M,"Đujić, Saša"
/home/peterr/macocu/task11/data_age/seg.IY9nqoCC2Qg_5056.41-5075.45.wav,38.0,M,"Đujić, Saša"
/home/peterr/macocu/task11/data_age/seg.lD0E8AB6uHs_18748.64-18768.46.wav,38.0,M,"Đujić, Saša"
/home/peterr/macocu/task11/data_age/seg.m0_tp7wqYxI_21800.01-21819.7.wav,38.0,M,"Đujić, Saša"
/home/peterr/macocu/task11/data_age/seg.-EO06cT21uY_12042.5-12062.39.wav,38.0,M,"Đujić, Saša"
/home/peterr/macocu/task11/data_age/seg.y5LrUr3SHIg_17922.22-17932.5.wav,38.0,M,"Đujić, Saša"
/home/peterr/macocu/task11/data_age/seg.uqqQn2P9PpY_3510.77-3530.72.wav,38.0,M,"Đujić, Saša"
/home/peterr/macocu/task11/data_age/seg.COa-0-o_dbc_9267.86-9287.38.wav,38.0,M,"Đujić, Saša"
/home/peterr/macocu/task11/data_age/seg.C-7-3Cxi7WU_15260.03-15279.96.wav,38.0,M,"Đujić, Saša"
/home/peterr/macocu/task11/data_age/seg.6gTpUiJHZbw_6892.97-6908.44.wav,38.0,M,"Đujić, Saša"
/home/peterr/macocu/task11/data_age/seg.m0_tp7wqYxI_21540.8-21560.65.wav,38.0,M,"Đujić, Saša"
/home/peterr/macocu/task11/data_age/seg.I3iN6Ty_pdY_4903.1-4922.73.wav,38.0,M,"Đujić, Saša"
/home/peterr/macocu/task11/data_age/seg.ChLhsFZXpo0_3901.76-3910.34.wav,38.0,M,"Đujić, Saša"
/home/peterr/macocu/task11/data_age/seg.IF1blZ6YSMA_12792.24-12805.96.wav,38.0,M,"Đujić, Saša"
/home/peterr/macocu/task11/data_age/seg.sHx_NsegXkY_2038.62-2057.71.wav,45.0,M,"Bauk, Arsen"
/home/peterr/macocu/task11/data_age/seg.pdu9uNVkWIA_5294.24-5313.77.wav,45.0,M,"Bauk, Arsen"
/home/peterr/macocu/task11/data_age/seg.8YoRepMrTfc_9578.51-9592.76.wav,45.0,M,"Bauk, Arsen"
/home/peterr/macocu/task11/data_age/seg.ccxh8m_cg3A_15344.7-15363.41.wav,45.0,M,"Bauk, Arsen"
/home/peterr/macocu/task11/data_age/seg.EirDCC44N3g_2979.57-2995.7.wav,45.0,M,"Bauk, Arsen"
/home/peterr/macocu/task11/data_age/seg.wOAqH3oeT98_14981.73-14999.11.wav,45.0,M,"Bauk, Arsen"
/home/peterr/macocu/task11/data_age/seg.IBCA1AqZPL8_5236.77-5248.84.wav,45.0,M,"Bauk, Arsen"
/home/peterr/macocu/task11/data_age/seg.vYdsOynYVCA_9086.23-9105.44.wav,45.0,M,"Bauk, Arsen"
/home/peterr/macocu/task11/data_age/seg.XDOVoojci5A_16109.45-16128.94.wav,45.0,M,"Bauk, Arsen"
/home/peterr/macocu/task11/data_age/seg.pdu9uNVkWIA_5697.78-5710.99.wav,45.0,M,"Bauk, Arsen"
/home/peterr/macocu/task11/data_age/seg.-aa4kot7dUU_17294.22-17307.42.wav,45.0,M,"Bauk, Arsen"
/home/peterr/macocu/task11/data_age/seg.vYdsOynYVCA_8774.37-8794.28.wav,45.0,M,"Bauk, Arsen"
/home/peterr/macocu/task11/data_age/seg.lzxIQHfygfg_292.51-307.17.wav,45.0,M,"Bauk, Arsen"
/home/peterr/macocu/task11/data_age/seg.IAOBdyNMgYQ_13569.36-13586.43.wav,45.0,M,"Bauk, Arsen"
/home/peterr/macocu/task11/data_age/seg.trR2lbmaJ4I_17187.59-17207.04.wav,45.0,M,"Bauk, Arsen"
/home/peterr/macocu/task11/data_age/seg.I3iN6Ty_pdY_3819.17-3838.4.wav,45.0,M,"Bauk, Arsen"
/home/peterr/macocu/task11/data_age/seg.6gTpUiJHZbw_7122.12-7142.12.wav,45.0,M,"Bauk, Arsen"
/home/peterr/macocu/task11/data_age/seg.0b6RVqesEUE_13139.69-13159.45.wav,45.0,M,"Bauk, Arsen"
/home/peterr/macocu/task11/data_age/seg.AUZxNF3C_8A_20657.1-20676.77.wav,45.0,M,"Bauk, Arsen"
/home/peterr/macocu/task11/data_age/seg.sS-59mIBXVc_4871.54-4890.98.wav,45.0,M,"Bauk, Arsen"
/home/peterr/macocu/task11/data_age/seg.OjQV7hrE9vE_16797.6-16817.14.wav,52.0,M,"Babić, Ante"
/home/peterr/macocu/task11/data_age/seg.CYBkG0--J8c_13161.15-13173.11.wav,52.0,M,"Babić, Ante"
/home/peterr/macocu/task11/data_age/seg.8YoRepMrTfc_6632.25-6651.68.wav,52.0,M,"Babić, Ante"
/home/peterr/macocu/task11/data_age/seg.RH7iVLuHaDc_4920.56-4940.25.wav,52.0,M,"Babić, Ante"
/home/peterr/macocu/task11/data_age/seg.SFq6Nqx7cXc_7662.51-7682.35.wav,52.0,M,"Babić, Ante"
/home/peterr/macocu/task11/data_age/seg.-EO06cT21uY_3184.67-3204.46.wav,52.0,M,"Babić, Ante"
/home/peterr/macocu/task11/data_age/seg.OjQV7hrE9vE_16866.55-16886.47.wav,52.0,M,"Babić, Ante"
/home/peterr/macocu/task11/data_age/seg.nxVSfUk5t5I_9392.38-9411.94.wav,52.0,M,"Babić, Ante"
/home/peterr/macocu/task11/data_age/seg.dAeQtmiiIYE_11601.06-11620.86.wav,52.0,M,"Babić, Ante"
/home/peterr/macocu/task11/data_age/seg.xkLml1cYbQw_7330.4-7350.04.wav,52.0,M,"Babić, Ante"
/home/peterr/macocu/task11/data_age/seg.aK2XWyzkG94_17231.7-17245.25.wav,52.0,M,"Babić, Ante"
/home/peterr/macocu/task11/data_age/seg.LxjHujYqmK4_2353.69-2367.73.wav,52.0,M,"Babić, Ante"
/home/peterr/macocu/task11/data_age/seg.YODoaZEf0AA_7154.78-7174.48.wav,52.0,M,"Babić, Ante"
/home/peterr/macocu/task11/data_age/seg.on9WnAhubWg_23950.71-23959.43.wav,52.0,M,"Babić, Ante"
/home/peterr/macocu/task11/data_age/seg.YODoaZEf0AA_6904.16-6915.07.wav,52.0,M,"Babić, Ante"
/home/peterr/macocu/task11/data_age/seg.sWBe0km86mA_6727.96-6741.53.wav,52.0,M,"Babić, Ante"
/home/peterr/macocu/task11/data_age/seg.gQz37Zto7cE_7399.91-7418.28.wav,52.0,M,"Babić, Ante"
/home/peterr/macocu/task11/data_age/seg.LxjHujYqmK4_2174.74-2191.97.wav,52.0,M,"Babić, Ante"
/home/peterr/macocu/task11/data_age/seg.sS-59mIBXVc_12383.97-12403.63.wav,52.0,M,"Babić, Ante"
/home/peterr/macocu/task11/data_age/seg.5Feg2lxQ3-I_12294.05-12309.18.wav,52.0,M,"Babić, Ante"
/home/peterr/macocu/task11/data_age/seg.cI9XslP_dOw_8750.5-8770.14.wav,53.0,M,"Jovanović, Željko"
/home/peterr/macocu/task11/data_age/seg.8AWHBpKrfTM_5926.57-5946.55.wav,53.0,M,"Jovanović, Željko"
/home/peterr/macocu/task11/data_age/seg.cJuiEqOfbV8_17061.87-17081.59.wav,53.0,M,"Jovanović, Željko"
/home/peterr/macocu/task11/data_age/seg.hABuzXDgV50_15561.05-15580.79.wav,53.0,M,"Jovanović, Željko"
/home/peterr/macocu/task11/data_age/seg.wGcZ33lyWUY_7854.01-7873.94.wav,53.0,M,"Jovanović, Željko"
/home/peterr/macocu/task11/data_age/seg.f9bYjY87cMI_1840.66-1857.64.wav,53.0,M,"Jovanović, Željko"
/home/peterr/macocu/task11/data_age/seg.hABuzXDgV50_15734.02-15753.7.wav,53.0,M,"Jovanović, Željko"
/home/peterr/macocu/task11/data_age/seg.FYva30UGvBE_5389.89-5409.49.wav,53.0,M,"Jovanović, Željko"
/home/peterr/macocu/task11/data_age/seg.1qhxcYJg5yk_9312.4-9332.02.wav,53.0,M,"Jovanović, Željko"
/home/peterr/macocu/task11/data_age/seg.SfBHV0AkjxI_240.35-260.31.wav,53.0,M,"Jovanović, Željko"
/home/peterr/macocu/task11/data_age/seg.L6ILB2DxLMw_16398.05-16417.82.wav,53.0,M,"Jovanović, Željko"
/home/peterr/macocu/task11/data_age/seg.xkLml1cYbQw_10041.46-10061.33.wav,53.0,M,"Jovanović, Željko"
/home/peterr/macocu/task11/data_age/seg.AP4Qjd9vR7U_5081.76-5101.58.wav,53.0,M,"Jovanović, Željko"
/home/peterr/macocu/task11/data_age/seg.kDTIPoF6tTM_11148.01-11167.84.wav,53.0,M,"Jovanović, Željko"
/home/peterr/macocu/task11/data_age/seg.KbyVU_5030Y_7623.17-7642.88.wav,53.0,M,"Jovanović, Željko"
/home/peterr/macocu/task11/data_age/seg.1RiO-fXbo-c_9151.71-9171.47.wav,53.0,M,"Jovanović, Željko"
/home/peterr/macocu/task11/data_age/seg.eWxcWiMNqe4_2956.1-2975.98.wav,53.0,M,"Jovanović, Željko"
/home/peterr/macocu/task11/data_age/seg.kDTIPoF6tTM_11029.13-11048.24.wav,53.0,M,"Jovanović, Željko"
/home/peterr/macocu/task11/data_age/seg.X_6fTHwFfpM_14071.61-14079.67.wav,53.0,M,"Jovanović, Željko"
/home/peterr/macocu/task11/data_age/seg.zAwNtKKEasY_9125.42-9145.37.wav,53.0,M,"Jovanović, Željko"
/home/peterr/macocu/task11/data_age/seg.KMGKU5I8aUQ_12213.06-12232.89.wav,51.0,M,"Lenart, Željko"
/home/peterr/macocu/task11/data_age/seg.xbgYVKmXxg8_23488.5-23507.71.wav,51.0,M,"Lenart, Željko"
/home/peterr/macocu/task11/data_age/seg.Zew7iCnGSwo_11255.61-11273.35.wav,51.0,M,"Lenart, Željko"
/home/peterr/macocu/task11/data_age/seg.K-mnBdJr3Fc_2292.72-2308.65.wav,51.0,M,"Lenart, Željko"
/home/peterr/macocu/task11/data_age/seg.LfkFqOr01h4_4231.01-4242.34.wav,51.0,M,"Lenart, Željko"
/home/peterr/macocu/task11/data_age/seg.p0xPaEZ2p3I_15970.53-15984.76.wav,51.0,M,"Lenart, Željko"
/home/peterr/macocu/task11/data_age/seg.7_GGu-uPv-E_8275.83-8290.89.wav,51.0,M,"Lenart, Željko"
/home/peterr/macocu/task11/data_age/seg.xbgYVKmXxg8_17382.76-17401.94.wav,51.0,M,"Lenart, Željko"
/home/peterr/macocu/task11/data_age/seg.vHVhWe9Cp4E_5075.25-5084.73.wav,51.0,M,"Lenart, Željko"
/home/peterr/macocu/task11/data_age/seg._VrhtTcPNm8_21736.47-21756.47.wav,51.0,M,"Lenart, Željko"
/home/peterr/macocu/task11/data_age/seg.K-mnBdJr3Fc_2615.9-2624.44.wav,51.0,M,"Lenart, Željko"
/home/peterr/macocu/task11/data_age/seg.7_GGu-uPv-E_7995.8-8005.11.wav,51.0,M,"Lenart, Željko"
/home/peterr/macocu/task11/data_age/seg.PliNdWocAg4_7867.64-7878.22.wav,51.0,M,"Lenart, Željko"
/home/peterr/macocu/task11/data_age/seg.Hr5kNf8OytU_19096.49-19113.54.wav,51.0,M,"Lenart, Željko"
/home/peterr/macocu/task11/data_age/seg.KMGKU5I8aUQ_12556.88-12571.17.wav,51.0,M,"Lenart, Željko"
/home/peterr/macocu/task11/data_age/seg.CubdbvUkuI4_1880.26-1896.85.wav,51.0,M,"Lenart, Željko"
/home/peterr/macocu/task11/data_age/seg.xSErR_WVD4g_2194.62-2212.04.wav,51.0,M,"Lenart, Željko"
/home/peterr/macocu/task11/data_age/seg.C-7-3Cxi7WU_10379.8-10395.73.wav,51.0,M,"Lenart, Željko"
/home/peterr/macocu/task11/data_age/seg.vJ4gib9EDcU_8109.2-8126.14.wav,51.0,M,"Lenart, Željko"
/home/peterr/macocu/task11/data_age/seg.kr7AcaY6GaU_8484.59-8504.41.wav,51.0,M,"Lenart, Željko"
/home/peterr/macocu/task11/data_age/seg.zIjE0oB5OIg_2600.79-2620.45.wav,54.0,M,"Beus Richembergh, Goran"
/home/peterr/macocu/task11/data_age/seg.Jnoeay6g96I_8532.73-8552.46.wav,54.0,M,"Beus Richembergh, Goran"
/home/peterr/macocu/task11/data_age/seg.-EO06cT21uY_7754.39-7763.55.wav,54.0,M,"Beus Richembergh, Goran"
/home/peterr/macocu/task11/data_age/seg.amGNo5659ms_2958.96-2978.78.wav,54.0,M,"Beus Richembergh, Goran"
/home/peterr/macocu/task11/data_age/seg.6Ly_JAaLNKs_17769.15-17789.15.wav,54.0,M,"Beus Richembergh, Goran"
/home/peterr/macocu/task11/data_age/seg.Zq_p2_SIZHI_19894.96-19911.74.wav,54.0,M,"Beus Richembergh, Goran"
/home/peterr/macocu/task11/data_age/seg.wTkP0z46x58_9780.4-9794.22.wav,54.0,M,"Beus Richembergh, Goran"
/home/peterr/macocu/task11/data_age/seg.RXOa3U8eUFc_7424.58-7439.3.wav,54.0,M,"Beus Richembergh, Goran"
/home/peterr/macocu/task11/data_age/seg.eul4eKJoD-w_1724.53-1739.76.wav,54.0,M,"Beus Richembergh, Goran"
/home/peterr/macocu/task11/data_age/seg.4_yZqDEYbaw_20825.01-20844.5.wav,54.0,M,"Beus Richembergh, Goran"
/home/peterr/macocu/task11/data_age/seg.KFQYvnZe5F0_9520.6-9540.38.wav,54.0,M,"Beus Richembergh, Goran"
/home/peterr/macocu/task11/data_age/seg.9-BrOg_DMe8_11588.61-11606.2.wav,54.0,M,"Beus Richembergh, Goran"
/home/peterr/macocu/task11/data_age/seg.bFuM6vBlCQE_12085.79-12102.29.wav,54.0,M,"Beus Richembergh, Goran"
/home/peterr/macocu/task11/data_age/seg.aln8TypLXOM_2493.88-2509.78.wav,54.0,M,"Beus Richembergh, Goran"
/home/peterr/macocu/task11/data_age/seg.0B0WeuW03SY_5411.45-5430.86.wav,54.0,M,"Beus Richembergh, Goran"
/home/peterr/macocu/task11/data_age/seg.Ejm2NksW8VU_6138.32-6152.05.wav,54.0,M,"Beus Richembergh, Goran"
/home/peterr/macocu/task11/data_age/seg.amGNo5659ms_7908.53-7924.76.wav,54.0,M,"Beus Richembergh, Goran"
/home/peterr/macocu/task11/data_age/seg.Ejm2NksW8VU_6234.24-6252.82.wav,54.0,M,"Beus Richembergh, Goran"
/home/peterr/macocu/task11/data_age/seg.1VEe0dkWXfc_4073.66-4093.45.wav,54.0,M,"Beus Richembergh, Goran"
/home/peterr/macocu/task11/data_age/seg.Pm2I_V_CTSQ_5309.26-5318.21.wav,54.0,M,"Beus Richembergh, Goran"
/home/peterr/macocu/task11/data_age/seg.N2W0YV7Osxs_8654.72-8665.63.wav,39.0,M,"Petrov, Božo"
/home/peterr/macocu/task11/data_age/seg.eWxcWiMNqe4_1689.0-1699.46.wav,39.0,M,"Petrov, Božo"
/home/peterr/macocu/task11/data_age/seg.uqqQn2P9PpY_7010.16-7024.66.wav,39.0,M,"Petrov, Božo"
/home/peterr/macocu/task11/data_age/seg.GVHBmUTMROo_13418.14-13426.31.wav,39.0,M,"Petrov, Božo"
/home/peterr/macocu/task11/data_age/seg.p59_k3C9hq4_943.67-959.92.wav,39.0,M,"Petrov, Božo"
/home/peterr/macocu/task11/data_age/seg.NjJetqVr5IQ_4670.04-4689.96.wav,39.0,M,"Petrov, Božo"
/home/peterr/macocu/task11/data_age/seg.yRobslQfvvs_15857.28-15872.53.wav,39.0,M,"Petrov, Božo"
/home/peterr/macocu/task11/data_age/seg.Fcq022TA9t8_240.42-251.63.wav,39.0,M,"Petrov, Božo"
/home/peterr/macocu/task11/data_age/seg.x1XlcaDsSf8_6418.91-6433.64.wav,39.0,M,"Petrov, Božo"
/home/peterr/macocu/task11/data_age/seg.P_Mg7lLr7cA_9593.89-9613.87.wav,39.0,M,"Petrov, Božo"
/home/peterr/macocu/task11/data_age/seg.y1P0xTGUfkQ_1228.66-1248.11.wav,39.0,M,"Petrov, Božo"
/home/peterr/macocu/task11/data_age/seg.u5JcZJF0CaU_4480.97-4500.29.wav,39.0,M,"Petrov, Božo"
/home/peterr/macocu/task11/data_age/seg.-OnnGofk_To_1156.9-1170.66.wav,39.0,M,"Petrov, Božo"
/home/peterr/macocu/task11/data_age/seg.9P1bymn1AUk_1624.54-1636.47.wav,39.0,M,"Petrov, Božo"
/home/peterr/macocu/task11/data_age/seg.VpUledLEKyY_10792.84-10811.61.wav,39.0,M,"Petrov, Božo"
/home/peterr/macocu/task11/data_age/seg.jFJqRQYd2eg_6293.59-6306.49.wav,39.0,M,"Petrov, Božo"
/home/peterr/macocu/task11/data_age/seg.YOYZ7PwizwI_6826.06-6840.84.wav,39.0,M,"Petrov, Božo"
/home/peterr/macocu/task11/data_age/seg.oNbwZtGCYhE_11842.06-11856.57.wav,39.0,M,"Petrov, Božo"
/home/peterr/macocu/task11/data_age/seg.x1XlcaDsSf8_4179.13-4192.79.wav,39.0,M,"Petrov, Božo"
/home/peterr/macocu/task11/data_age/seg.YOYZ7PwizwI_2363.94-2380.69.wav,39.0,M,"Petrov, Božo"
/home/peterr/macocu/task11/data_age/seg.mGJ-n2xBISA_3600.56-3619.62.wav,63.0,M,"Pupovac, Milorad"
/home/peterr/macocu/task11/data_age/seg.IAOBdyNMgYQ_21694.19-21711.24.wav,63.0,M,"Pupovac, Milorad"
/home/peterr/macocu/task11/data_age/seg.q_JZcqUwpHQ_10999.92-11010.91.wav,63.0,M,"Pupovac, Milorad"
/home/peterr/macocu/task11/data_age/seg.CjM2LMQC4gg_19125.81-19143.01.wav,63.0,M,"Pupovac, Milorad"
/home/peterr/macocu/task11/data_age/seg.C2P-jPLGFSk_6344.81-6358.15.wav,63.0,M,"Pupovac, Milorad"
/home/peterr/macocu/task11/data_age/seg.O-3YNW9gAaw_3748.86-3768.46.wav,63.0,M,"Pupovac, Milorad"
/home/peterr/macocu/task11/data_age/seg.oNbwZtGCYhE_20068.02-20083.69.wav,63.0,M,"Pupovac, Milorad"
/home/peterr/macocu/task11/data_age/seg.tutWN0KpWAw_13561.4-13580.17.wav,63.0,M,"Pupovac, Milorad"
/home/peterr/macocu/task11/data_age/seg.q_JZcqUwpHQ_11119.6-11129.17.wav,63.0,M,"Pupovac, Milorad"
/home/peterr/macocu/task11/data_age/seg._QfqIOIdu_E_7458.03-7476.74.wav,63.0,M,"Pupovac, Milorad"
/home/peterr/macocu/task11/data_age/seg.jFJqRQYd2eg_9037.97-9057.27.wav,63.0,M,"Pupovac, Milorad"
/home/peterr/macocu/task11/data_age/seg.4KAefCQbnnM_10596.25-10616.05.wav,63.0,M,"Pupovac, Milorad"
/home/peterr/macocu/task11/data_age/seg.tutWN0KpWAw_13380.41-13399.76.wav,63.0,M,"Pupovac, Milorad"
/home/peterr/macocu/task11/data_age/seg.WtMFYtpl2U0_8328.75-8348.55.wav,63.0,M,"Pupovac, Milorad"
/home/peterr/macocu/task11/data_age/seg.AFgbsyWibPE_1274.58-1286.6.wav,63.0,M,"Pupovac, Milorad"
/home/peterr/macocu/task11/data_age/seg.CjM2LMQC4gg_21049.96-21067.3.wav,63.0,M,"Pupovac, Milorad"
/home/peterr/macocu/task11/data_age/seg.5WDx2n2vP14_5469.55-5489.15.wav,63.0,M,"Pupovac, Milorad"
/home/peterr/macocu/task11/data_age/seg.AP4Qjd9vR7U_7705.81-7719.16.wav,63.0,M,"Pupovac, Milorad"
/home/peterr/macocu/task11/data_age/seg.Zq_p2_SIZHI_10686.17-10703.3.wav,63.0,M,"Pupovac, Milorad"
/home/peterr/macocu/task11/data_age/seg.y5LrUr3SHIg_3233.31-3252.97.wav,63.0,M,"Pupovac, Milorad"
/home/peterr/macocu/task11/data_age/seg.SpYPAZPO3hE_18767.79-18787.46.wav,41.0,M,"Lalovac, Boris"
/home/peterr/macocu/task11/data_age/seg.I27W0FVLD2I_18774.22-18791.7.wav,41.0,M,"Lalovac, Boris"
/home/peterr/macocu/task11/data_age/seg.WtMFYtpl2U0_13471.28-13490.67.wav,41.0,M,"Lalovac, Boris"
/home/peterr/macocu/task11/data_age/seg.14gZyn_QyTw_9544.95-9564.44.wav,41.0,M,"Lalovac, Boris"
/home/peterr/macocu/task11/data_age/seg.1QYBXziV7rU_18500.45-18509.86.wav,41.0,M,"Lalovac, Boris"
/home/peterr/macocu/task11/data_age/seg.TuxTSCqE0dg_7408.83-7419.69.wav,41.0,M,"Lalovac, Boris"
/home/peterr/macocu/task11/data_age/seg.-EO06cT21uY_21465.36-21481.76.wav,41.0,M,"Lalovac, Boris"
/home/peterr/macocu/task11/data_age/seg.sR_p6PbQPeI_18909.4-18929.35.wav,41.0,M,"Lalovac, Boris"
/home/peterr/macocu/task11/data_age/seg.-HUBqKWPLr4_12716.51-12735.96.wav,41.0,M,"Lalovac, Boris"
/home/peterr/macocu/task11/data_age/seg.z9cwT3KvAxE_6162.41-6182.36.wav,41.0,M,"Lalovac, Boris"
/home/peterr/macocu/task11/data_age/seg.dpKsbH3SErQ_12213.72-12224.93.wav,41.0,M,"Lalovac, Boris"
/home/peterr/macocu/task11/data_age/seg.A44UFMcUAMU_9257.49-9277.13.wav,41.0,M,"Lalovac, Boris"
/home/peterr/macocu/task11/data_age/seg.9W67_smR7qM_9341.24-9353.14.wav,41.0,M,"Lalovac, Boris"
/home/peterr/macocu/task11/data_age/seg.14gZyn_QyTw_9695.09-9712.85.wav,41.0,M,"Lalovac, Boris"
/home/peterr/macocu/task11/data_age/seg.bFuM6vBlCQE_21243.3-21263.23.wav,41.0,M,"Lalovac, Boris"
/home/peterr/macocu/task11/data_age/seg.MOOjWQIy7ZY_12009.72-12026.39.wav,41.0,M,"Lalovac, Boris"
/home/peterr/macocu/task11/data_age/seg.0u-mC0AnmKA_6658.39-6666.79.wav,41.0,M,"Lalovac, Boris"
/home/peterr/macocu/task11/data_age/seg.z9cwT3KvAxE_6441.22-6461.21.wav,41.0,M,"Lalovac, Boris"
/home/peterr/macocu/task11/data_age/seg.13CIIGY5gg0_4497.04-4517.01.wav,41.0,M,"Lalovac, Boris"
/home/peterr/macocu/task11/data_age/seg.cXbTYCcZ8YM_19691.97-19711.44.wav,41.0,M,"Lalovac, Boris"
/home/peterr/macocu/task11/data_age/seg.K9IqJo93eoM_9246.87-9266.54.wav,54.5,M,"Culej, Stevo"
/home/peterr/macocu/task11/data_age/seg.1qhxcYJg5yk_4792.81-4812.57.wav,54.5,M,"Culej, Stevo"
/home/peterr/macocu/task11/data_age/seg.rojNZzA-im4_15284.82-15302.35.wav,54.5,M,"Culej, Stevo"
/home/peterr/macocu/task11/data_age/seg.Zew7iCnGSwo_12030.11-12049.8.wav,54.5,M,"Culej, Stevo"
/home/peterr/macocu/task11/data_age/seg.j2243qnSAZc_21575.48-21595.4.wav,54.5,M,"Culej, Stevo"
/home/peterr/macocu/task11/data_age/seg.rojNZzA-im4_17790.27-17810.26.wav,54.5,M,"Culej, Stevo"
/home/peterr/macocu/task11/data_age/seg.l_K8z4JMT9k_3731.35-3741.88.wav,54.5,M,"Culej, Stevo"
/home/peterr/macocu/task11/data_age/seg.I3iN6Ty_pdY_11171.94-11191.86.wav,54.5,M,"Culej, Stevo"
/home/peterr/macocu/task11/data_age/seg.xRzIhryERIM_6576.53-6596.12.wav,54.5,M,"Culej, Stevo"
/home/peterr/macocu/task11/data_age/seg.I3iN6Ty_pdY_11248.02-11262.94.wav,54.5,M,"Culej, Stevo"
/home/peterr/macocu/task11/data_age/seg.UPHLmUzadcg_14395.07-14414.98.wav,54.5,M,"Culej, Stevo"
/home/peterr/macocu/task11/data_age/seg.HgoQOaBJ8Dw_2835.93-2855.92.wav,54.5,M,"Culej, Stevo"
/home/peterr/macocu/task11/data_age/seg.6EuGqDbXDRw_7600.82-7618.01.wav,54.5,M,"Culej, Stevo"
/home/peterr/macocu/task11/data_age/seg.41IJX-I7KUk_7749.45-7769.27.wav,54.5,M,"Culej, Stevo"
/home/peterr/macocu/task11/data_age/seg.8DJUjkE6g2A_21436.21-21456.14.wav,54.5,M,"Culej, Stevo"
/home/peterr/macocu/task11/data_age/seg.U39UIQwM-lg_10598.46-10618.43.wav,54.5,M,"Culej, Stevo"
/home/peterr/macocu/task11/data_age/seg.PAKRaXXMxVY_16609.36-16628.84.wav,54.5,M,"Culej, Stevo"
/home/peterr/macocu/task11/data_age/seg.Ki_SnDM_EkQ_4831.48-4846.74.wav,54.5,M,"Culej, Stevo"
/home/peterr/macocu/task11/data_age/seg.LFVfcCY2ebk_20932.24-20946.28.wav,54.5,M,"Culej, Stevo"
/home/peterr/macocu/task11/data_age/seg.xRzIhryERIM_6442.57-6462.2.wav,54.5,M,"Culej, Stevo"
/home/peterr/macocu/task11/data_age/seg.btzBgb-_Skc_17878.05-17892.12.wav,60.0,M,"Stazić, Nenad"
/home/peterr/macocu/task11/data_age/seg.d2D71aNeq5Y_21100.53-21110.56.wav,60.0,M,"Stazić, Nenad"
/home/peterr/macocu/task11/data_age/seg.p59_k3C9hq4_16255.96-16275.38.wav,60.0,M,"Stazić, Nenad"
/home/peterr/macocu/task11/data_age/seg.p59_k3C9hq4_16234.88-16254.38.wav,60.0,M,"Stazić, Nenad"
/home/peterr/macocu/task11/data_age/seg.-aa4kot7dUU_18633.38-18653.29.wav,60.0,M,"Stazić, Nenad"
/home/peterr/macocu/task11/data_age/seg.ChLhsFZXpo0_7222.86-7237.81.wav,60.0,M,"Stazić, Nenad"
/home/peterr/macocu/task11/data_age/seg.LEKQdBSBqqE_21955.87-21972.44.wav,60.0,M,"Stazić, Nenad"
/home/peterr/macocu/task11/data_age/seg.6EuGqDbXDRw_3925.63-3940.97.wav,60.0,M,"Stazić, Nenad"
/home/peterr/macocu/task11/data_age/seg.JCYHjcej-E4_1896.21-1913.92.wav,60.0,M,"Stazić, Nenad"
/home/peterr/macocu/task11/data_age/seg.GfIdrQfYN4A_9772.57-9792.29.wav,60.0,M,"Stazić, Nenad"
/home/peterr/macocu/task11/data_age/seg.btzBgb-_Skc_18000.82-18014.42.wav,60.0,M,"Stazić, Nenad"
/home/peterr/macocu/task11/data_age/seg.Ux94YXzTmpo_13868.4-13884.58.wav,60.0,M,"Stazić, Nenad"
/home/peterr/macocu/task11/data_age/seg.put21svpfW8_8873.42-8891.02.wav,60.0,M,"Stazić, Nenad"
/home/peterr/macocu/task11/data_age/seg.9iFCKtK5gdI_7886.69-7906.22.wav,60.0,M,"Stazić, Nenad"
/home/peterr/macocu/task11/data_age/seg.WERiM2OV6BU_15031.76-15043.2.wav,60.0,M,"Stazić, Nenad"
/home/peterr/macocu/task11/data_age/seg.COa-0-o_dbc_12772.24-12791.03.wav,60.0,M,"Stazić, Nenad"
/home/peterr/macocu/task11/data_age/seg.Ux94YXzTmpo_13833.9-13849.71.wav,60.0,M,"Stazić, Nenad"
/home/peterr/macocu/task11/data_age/seg.btzBgb-_Skc_17962.62-17982.13.wav,60.0,M,"Stazić, Nenad"
/home/peterr/macocu/task11/data_age/seg.LEKQdBSBqqE_20058.18-20076.52.wav,60.0,M,"Stazić, Nenad"
/home/peterr/macocu/task11/data_age/seg.8LAI5kcBfVs_15662.38-15680.43.wav,60.0,M,"Stazić, Nenad"
/home/peterr/macocu/task11/data_age/seg.BDN60AFiiYo_10679.55-10691.46.wav,66.0,M,"Reiner, Željko"
/home/peterr/macocu/task11/data_age/seg.c_TlJMA1HVk_4149.7-4169.66.wav,66.0,M,"Reiner, Željko"
/home/peterr/macocu/task11/data_age/seg.P_Mg7lLr7cA_10384.54-10402.08.wav,66.0,M,"Reiner, Željko"
/home/peterr/macocu/task11/data_age/seg.VyeKrbwhKN0_3985.86-3998.81.wav,66.0,M,"Reiner, Željko"
/home/peterr/macocu/task11/data_age/seg.B3C2adb255g_1167.3-1184.22.wav,66.0,M,"Reiner, Željko"
/home/peterr/macocu/task11/data_age/seg.EBH_kjsH-bw_9673.37-9692.78.wav,66.0,M,"Reiner, Željko"
/home/peterr/macocu/task11/data_age/seg.cZ5xMJ7MZQ4_11280.68-11292.69.wav,66.0,M,"Reiner, Željko"
/home/peterr/macocu/task11/data_age/seg.qNpeHxO0WzA_20016.08-20026.71.wav,66.0,M,"Reiner, Željko"
/home/peterr/macocu/task11/data_age/seg.sWBe0km86mA_7721.7-7741.27.wav,66.0,M,"Reiner, Željko"
/home/peterr/macocu/task11/data_age/seg.RXOa3U8eUFc_9137.75-9152.95.wav,66.0,M,"Reiner, Željko"
/home/peterr/macocu/task11/data_age/seg.P_Mg7lLr7cA_13678.99-13698.46.wav,66.0,M,"Reiner, Željko"
/home/peterr/macocu/task11/data_age/seg.goA6R01h4aE_3004.07-3023.39.wav,66.0,M,"Reiner, Željko"
/home/peterr/macocu/task11/data_age/seg.ccxh8m_cg3A_14592.97-14603.4.wav,66.0,M,"Reiner, Željko"
/home/peterr/macocu/task11/data_age/seg.Q2UcT745iHQ_14441.69-14460.1.wav,66.0,M,"Reiner, Željko"
/home/peterr/macocu/task11/data_age/seg.6brMYGcwDbY_2744.81-2761.98.wav,66.0,M,"Reiner, Željko"
/home/peterr/macocu/task11/data_age/seg.P_Mg7lLr7cA_7652.93-7664.87.wav,66.0,M,"Reiner, Željko"
/home/peterr/macocu/task11/data_age/seg.LxjHujYqmK4_1532.33-1551.91.wav,66.0,M,"Reiner, Željko"
/home/peterr/macocu/task11/data_age/seg.bFuM6vBlCQE_17032.87-17047.01.wav,66.0,M,"Reiner, Željko"
/home/peterr/macocu/task11/data_age/seg.o2s7FfQLyTE_2037.91-2057.75.wav,66.0,M,"Reiner, Željko"
/home/peterr/macocu/task11/data_age/seg.2vEP630Av0s_11091.96-11110.56.wav,66.0,M,"Reiner, Željko"
/home/peterr/macocu/task11/data_age/seg.gS-innlbd7Q_3680.85-3700.65.wav,64.0,M,"Mišić, Ivica"
/home/peterr/macocu/task11/data_age/seg.3bkC9ujsy_o_16618.19-16637.4.wav,64.0,M,"Mišić, Ivica"
/home/peterr/macocu/task11/data_age/seg.6gTpUiJHZbw_2265.06-2282.74.wav,64.0,M,"Mišić, Ivica"
/home/peterr/macocu/task11/data_age/seg.xRzIhryERIM_8942.79-8962.53.wav,64.0,M,"Mišić, Ivica"
/home/peterr/macocu/task11/data_age/seg.dAeQtmiiIYE_7490.2-7510.13.wav,64.0,M,"Mišić, Ivica"
/home/peterr/macocu/task11/data_age/seg.l8zdyfQzMbc_10941.85-10955.17.wav,64.0,M,"Mišić, Ivica"
/home/peterr/macocu/task11/data_age/seg.9W67_smR7qM_4195.9-4209.05.wav,64.0,M,"Mišić, Ivica"
/home/peterr/macocu/task11/data_age/seg.5Feg2lxQ3-I_14039.95-14059.94.wav,64.0,M,"Mišić, Ivica"
/home/peterr/macocu/task11/data_age/seg.y2d5LOhu3Zk_9137.32-9153.1.wav,64.0,M,"Mišić, Ivica"
/home/peterr/macocu/task11/data_age/seg.l8zdyfQzMbc_11036.47-11056.34.wav,64.0,M,"Mišić, Ivica"
/home/peterr/macocu/task11/data_age/seg.1grMQpeHt7Q_3915.97-3934.7.wav,64.0,M,"Mišić, Ivica"
/home/peterr/macocu/task11/data_age/seg.C_YfsZtGrNY_5868.1-5887.91.wav,64.0,M,"Mišić, Ivica"
/home/peterr/macocu/task11/data_age/seg.9W67_smR7qM_18587.7-18607.56.wav,64.0,M,"Mišić, Ivica"
/home/peterr/macocu/task11/data_age/seg.uxlAR69RGX0_2862.79-2882.19.wav,64.0,M,"Mišić, Ivica"
/home/peterr/macocu/task11/data_age/seg.KCyaUbuKtRM_4753.16-4772.87.wav,64.0,M,"Mišić, Ivica"
/home/peterr/macocu/task11/data_age/seg.wAvVNgL6KOk_14408.22-14427.92.wav,64.0,M,"Mišić, Ivica"
/home/peterr/macocu/task11/data_age/seg.5Feg2lxQ3-I_9500.26-9510.21.wav,64.0,M,"Mišić, Ivica"
/home/peterr/macocu/task11/data_age/seg.z9cwT3KvAxE_3359.23-3373.92.wav,64.0,M,"Mišić, Ivica"
/home/peterr/macocu/task11/data_age/seg.2vEP630Av0s_13857.21-13877.15.wav,64.0,M,"Mišić, Ivica"
/home/peterr/macocu/task11/data_age/seg.5Feg2lxQ3-I_14136.2-14151.57.wav,64.0,M,"Mišić, Ivica"
/home/peterr/macocu/task11/data_age/seg.-aa4kot7dUU_5410.75-5422.5.wav,37.5,M,"Bernardić, Davor"
/home/peterr/macocu/task11/data_age/seg.BMBA_mVyQYs_10001.58-10015.91.wav,37.5,M,"Bernardić, Davor"
/home/peterr/macocu/task11/data_age/seg.r4duIMZKqTU_17475.15-17494.67.wav,37.5,M,"Bernardić, Davor"
/home/peterr/macocu/task11/data_age/seg.CjM2LMQC4gg_3663.06-3682.72.wav,37.5,M,"Bernardić, Davor"
/home/peterr/macocu/task11/data_age/seg.iaSzdQ2bAew_2469.04-2488.84.wav,37.5,M,"Bernardić, Davor"
/home/peterr/macocu/task11/data_age/seg.-aa4kot7dUU_7835.45-7855.31.wav,37.5,M,"Bernardić, Davor"
/home/peterr/macocu/task11/data_age/seg.CjM2LMQC4gg_6192.2-6207.85.wav,37.5,M,"Bernardić, Davor"
/home/peterr/macocu/task11/data_age/seg.-aa4kot7dUU_3806.13-3825.96.wav,37.5,M,"Bernardić, Davor"
/home/peterr/macocu/task11/data_age/seg.AUZxNF3C_8A_1436.62-1456.01.wav,37.5,M,"Bernardić, Davor"
/home/peterr/macocu/task11/data_age/seg.tLvMF9pRrrU_18720.59-18734.0.wav,37.5,M,"Bernardić, Davor"
/home/peterr/macocu/task11/data_age/seg.zAwNtKKEasY_3108.99-3123.77.wav,37.5,M,"Bernardić, Davor"
/home/peterr/macocu/task11/data_age/seg.K9IqJo93eoM_7349.4-7367.57.wav,37.5,M,"Bernardić, Davor"
/home/peterr/macocu/task11/data_age/seg.zIjE0oB5OIg_21263.62-21283.5.wav,37.5,M,"Bernardić, Davor"
/home/peterr/macocu/task11/data_age/seg.9OonssGSXmM_16668.28-16685.81.wav,37.5,M,"Bernardić, Davor"
/home/peterr/macocu/task11/data_age/seg.6pmNYgwr64Q_21925.24-21941.75.wav,37.5,M,"Bernardić, Davor"
/home/peterr/macocu/task11/data_age/seg.CjM2LMQC4gg_3811.18-3831.08.wav,37.5,M,"Bernardić, Davor"
/home/peterr/macocu/task11/data_age/seg.6pmNYgwr64Q_22057.13-22076.92.wav,37.5,M,"Bernardić, Davor"
/home/peterr/macocu/task11/data_age/seg.8AWHBpKrfTM_2378.6-2398.52.wav,37.5,M,"Bernardić, Davor"
/home/peterr/macocu/task11/data_age/seg.zAwNtKKEasY_3190.31-3207.99.wav,37.5,M,"Bernardić, Davor"
/home/peterr/macocu/task11/data_age/seg.WlyHHY4GAuA_16947.89-16961.64.wav,37.5,M,"Bernardić, Davor"
/home/peterr/macocu/task11/data_age/seg.WlyHHY4GAuA_2809.73-2829.72.wav,51.0,M,"Klisović, Joško"
/home/peterr/macocu/task11/data_age/seg.vJ4gib9EDcU_17393.63-17413.18.wav,51.0,M,"Klisović, Joško"
/home/peterr/macocu/task11/data_age/seg.qne0Iegffug_12849.89-12866.66.wav,51.0,M,"Klisović, Joško"
/home/peterr/macocu/task11/data_age/seg.BMBA_mVyQYs_2382.92-2402.61.wav,51.0,M,"Klisović, Joško"
/home/peterr/macocu/task11/data_age/seg.9iFCKtK5gdI_5738.29-5757.0.wav,51.0,M,"Klisović, Joško"
/home/peterr/macocu/task11/data_age/seg.A7MViHGC5hw_19986.01-20005.91.wav,51.0,M,"Klisović, Joško"
/home/peterr/macocu/task11/data_age/seg.AUZxNF3C_8A_16914.67-16925.03.wav,51.0,M,"Klisović, Joško"
/home/peterr/macocu/task11/data_age/seg.WlyHHY4GAuA_2166.52-2185.42.wav,51.0,M,"Klisović, Joško"
/home/peterr/macocu/task11/data_age/seg.9UCrtnKBgqs_17585.74-17605.49.wav,51.0,M,"Klisović, Joško"
/home/peterr/macocu/task11/data_age/seg.tRNUGHifXv4_3765.47-3785.29.wav,51.0,M,"Klisović, Joško"
/home/peterr/macocu/task11/data_age/seg.ccxh8m_cg3A_14308.87-14328.43.wav,51.0,M,"Klisović, Joško"
/home/peterr/macocu/task11/data_age/seg.WlyHHY4GAuA_7666.95-7685.69.wav,51.0,M,"Klisović, Joško"
/home/peterr/macocu/task11/data_age/seg.Ow2zEc4S9Tk_13471.66-13486.22.wav,51.0,M,"Klisović, Joško"
/home/peterr/macocu/task11/data_age/seg.vJ4gib9EDcU_17653.26-17672.94.wav,51.0,M,"Klisović, Joško"
/home/peterr/macocu/task11/data_age/seg.4I1CHN8ZRCA_7573.43-7593.43.wav,51.0,M,"Klisović, Joško"
/home/peterr/macocu/task11/data_age/seg.q_JZcqUwpHQ_11722.74-11739.42.wav,51.0,M,"Klisović, Joško"
/home/peterr/macocu/task11/data_age/seg.1VEe0dkWXfc_9530.57-9540.59.wav,51.0,M,"Klisović, Joško"
/home/peterr/macocu/task11/data_age/seg.EirDCC44N3g_4098.7-4115.0.wav,51.0,M,"Klisović, Joško"
/home/peterr/macocu/task11/data_age/seg.9iFCKtK5gdI_6880.04-6899.83.wav,51.0,M,"Klisović, Joško"
/home/peterr/macocu/task11/data_age/seg.9UCrtnKBgqs_17544.66-17554.74.wav,51.0,M,"Klisović, Joško"
/home/peterr/macocu/task11/data_age/seg.-k1z8behXXg_5536.1-5555.63.wav,52.0,M,"Dobrović, Slaven"
/home/peterr/macocu/task11/data_age/seg._QfqIOIdu_E_3559.5-3567.7.wav,52.0,M,"Dobrović, Slaven"
/home/peterr/macocu/task11/data_age/seg.m0_tp7wqYxI_21013.49-21033.1.wav,52.0,M,"Dobrović, Slaven"
/home/peterr/macocu/task11/data_age/seg.Qx46Ey24m78_1350.22-1369.86.wav,52.0,M,"Dobrović, Slaven"
/home/peterr/macocu/task11/data_age/seg.jus1M1j8vPo_2676.05-2685.63.wav,52.0,M,"Dobrović, Slaven"
/home/peterr/macocu/task11/data_age/seg.rAW9SJv_NFc_1720.77-1739.8.wav,52.0,M,"Dobrović, Slaven"
/home/peterr/macocu/task11/data_age/seg.LRfFnUQrpN4_4734.3-4753.91.wav,52.0,M,"Dobrović, Slaven"
/home/peterr/macocu/task11/data_age/seg.BDN60AFiiYo_18600.88-18620.54.wav,52.0,M,"Dobrović, Slaven"
/home/peterr/macocu/task11/data_age/seg.oS1BYgFER90_4935.57-4953.87.wav,52.0,M,"Dobrović, Slaven"
/home/peterr/macocu/task11/data_age/seg.TomQtZcqht0_2391.98-2411.53.wav,52.0,M,"Dobrović, Slaven"
/home/peterr/macocu/task11/data_age/seg.sS-59mIBXVc_11736.69-11756.28.wav,52.0,M,"Dobrović, Slaven"
/home/peterr/macocu/task11/data_age/seg.m0_tp7wqYxI_21069.25-21081.05.wav,52.0,M,"Dobrović, Slaven"
/home/peterr/macocu/task11/data_age/seg.AAT6OADGdNM_5820.84-5840.41.wav,52.0,M,"Dobrović, Slaven"
/home/peterr/macocu/task11/data_age/seg.TomQtZcqht0_6313.39-6333.36.wav,52.0,M,"Dobrović, Slaven"
/home/peterr/macocu/task11/data_age/seg.v44Chne6UCw_767.41-787.24.wav,52.0,M,"Dobrović, Slaven"
/home/peterr/macocu/task11/data_age/seg.LRfFnUQrpN4_5991.9-6010.54.wav,52.0,M,"Dobrović, Slaven"
/home/peterr/macocu/task11/data_age/seg.AAT6OADGdNM_6107.76-6125.57.wav,52.0,M,"Dobrović, Slaven"
/home/peterr/macocu/task11/data_age/seg.m0_tp7wqYxI_19268.83-19286.67.wav,52.0,M,"Dobrović, Slaven"
/home/peterr/macocu/task11/data_age/seg.yPzSRPk7Xu4_7397.88-7411.68.wav,52.0,M,"Dobrović, Slaven"
/home/peterr/macocu/task11/data_age/seg.GedIwR0D7bc_15064.0-15083.76.wav,52.0,M,"Dobrović, Slaven"
/home/peterr/macocu/task11/data_age/seg.KMGKU5I8aUQ_7696.97-7716.26.wav,36.0,M,"Hajduković, Domagoj"
/home/peterr/macocu/task11/data_age/seg.CjM2LMQC4gg_4425.09-4445.09.wav,36.0,M,"Hajduković, Domagoj"
/home/peterr/macocu/task11/data_age/seg.SRhyViQQhoM_9302.58-9322.28.wav,36.0,M,"Hajduković, Domagoj"
/home/peterr/macocu/task11/data_age/seg.WlyHHY4GAuA_21929.1-21942.73.wav,36.0,M,"Hajduković, Domagoj"
/home/peterr/macocu/task11/data_age/seg.XDOVoojci5A_12200.46-12209.28.wav,36.0,M,"Hajduković, Domagoj"
/home/peterr/macocu/task11/data_age/seg.fZOW76tl9E8_16914.8-16934.66.wav,36.0,M,"Hajduković, Domagoj"
/home/peterr/macocu/task11/data_age/seg.dAeQtmiiIYE_7764.12-7780.73.wav,36.0,M,"Hajduković, Domagoj"
/home/peterr/macocu/task11/data_age/seg.LEKQdBSBqqE_15013.61-15028.03.wav,36.0,M,"Hajduković, Domagoj"
/home/peterr/macocu/task11/data_age/seg.C5AIqruVTag_24010.99-24030.59.wav,36.0,M,"Hajduković, Domagoj"
/home/peterr/macocu/task11/data_age/seg.V_e2sdFELaM_17810.87-17824.52.wav,36.0,M,"Hajduković, Domagoj"
/home/peterr/macocu/task11/data_age/seg.oNbwZtGCYhE_4883.18-4892.91.wav,36.0,M,"Hajduković, Domagoj"
/home/peterr/macocu/task11/data_age/seg.MzGBkhrNCLo_4059.94-4079.75.wav,36.0,M,"Hajduković, Domagoj"
/home/peterr/macocu/task11/data_age/seg.WxZ56YrFUW8_4796.88-4816.52.wav,36.0,M,"Hajduković, Domagoj"
/home/peterr/macocu/task11/data_age/seg.Y7PdboTaXxw_3263.57-3279.93.wav,36.0,M,"Hajduković, Domagoj"
/home/peterr/macocu/task11/data_age/seg.fZOW76tl9E8_17489.74-17509.34.wav,36.0,M,"Hajduković, Domagoj"
/home/peterr/macocu/task11/data_age/seg.Y7PdboTaXxw_3319.13-3338.88.wav,36.0,M,"Hajduković, Domagoj"
/home/peterr/macocu/task11/data_age/seg.U4L5-6b9enE_11832.2-11852.12.wav,36.0,M,"Hajduković, Domagoj"
/home/peterr/macocu/task11/data_age/seg.sdD4_tpoBNY_8441.05-8460.91.wav,36.0,M,"Hajduković, Domagoj"
/home/peterr/macocu/task11/data_age/seg.SRhyViQQhoM_13350.14-13363.78.wav,36.0,M,"Hajduković, Domagoj"
/home/peterr/macocu/task11/data_age/seg.sdD4_tpoBNY_12567.83-12587.69.wav,36.0,M,"Hajduković, Domagoj"
/home/peterr/macocu/task11/data_age/seg.uw9F1iFk36s_13270.34-13290.21.wav,58.0,M,"Đakić, Josip"
/home/peterr/macocu/task11/data_age/seg.L6ILB2DxLMw_6557.58-6577.45.wav,58.0,M,"Đakić, Josip"
/home/peterr/macocu/task11/data_age/seg.C2P-jPLGFSk_14303.89-14323.77.wav,58.0,M,"Đakić, Josip"
/home/peterr/macocu/task11/data_age/seg.trR2lbmaJ4I_8413.32-8433.15.wav,58.0,M,"Đakić, Josip"
/home/peterr/macocu/task11/data_age/seg.qmyWlgt8OUE_7792.28-7803.45.wav,58.0,M,"Đakić, Josip"
/home/peterr/macocu/task11/data_age/seg.k0VzxBzGQ-s_732.72-747.24.wav,58.0,M,"Đakić, Josip"
/home/peterr/macocu/task11/data_age/seg.rojNZzA-im4_18272.16-18291.8.wav,58.0,M,"Đakić, Josip"
/home/peterr/macocu/task11/data_age/seg.tvTuGZ_fgLM_13524.28-13540.62.wav,58.0,M,"Đakić, Josip"
/home/peterr/macocu/task11/data_age/seg.AUZxNF3C_8A_6084.08-6104.0.wav,58.0,M,"Đakić, Josip"
/home/peterr/macocu/task11/data_age/seg.jnqNq5ud6Vo_14251.31-14270.99.wav,58.0,M,"Đakić, Josip"
/home/peterr/macocu/task11/data_age/seg.d2D71aNeq5Y_14958.45-14978.22.wav,58.0,M,"Đakić, Josip"
/home/peterr/macocu/task11/data_age/seg.PpLB6LGWuZs_7538.53-7558.39.wav,58.0,M,"Đakić, Josip"
/home/peterr/macocu/task11/data_age/seg.rwxXXCrpWBU_9897.14-9916.42.wav,58.0,M,"Đakić, Josip"
/home/peterr/macocu/task11/data_age/seg.PpLB6LGWuZs_7281.66-7301.05.wav,58.0,M,"Đakić, Josip"
/home/peterr/macocu/task11/data_age/seg.SwIQZRaIT0I_11995.58-12011.25.wav,58.0,M,"Đakić, Josip"
/home/peterr/macocu/task11/data_age/seg.PpLB6LGWuZs_11992.92-12005.64.wav,58.0,M,"Đakić, Josip"
/home/peterr/macocu/task11/data_age/seg.mvyT8Q9r1JQ_5797.57-5816.61.wav,58.0,M,"Đakić, Josip"
/home/peterr/macocu/task11/data_age/seg.Q2UcT745iHQ_13757.44-13776.94.wav,58.0,M,"Đakić, Josip"
/home/peterr/macocu/task11/data_age/seg.XDOVoojci5A_24067.31-24087.13.wav,58.0,M,"Đakić, Josip"
/home/peterr/macocu/task11/data_age/seg.OmcDtlzv2Xs_1038.84-1057.54.wav,58.0,M,"Đakić, Josip"
/home/peterr/macocu/task11/data_age/seg.zzEYIorfRmM_11308.36-11327.6.wav,44.0,M,"Milošević, Boris"
/home/peterr/macocu/task11/data_age/seg.zzEYIorfRmM_11125.56-11145.35.wav,44.0,M,"Milošević, Boris"
/home/peterr/macocu/task11/data_age/seg.zzEYIorfRmM_10907.69-10927.32.wav,44.0,M,"Milošević, Boris"
/home/peterr/macocu/task11/data_age/seg.fZOW76tl9E8_7033.7-7052.77.wav,44.0,M,"Milošević, Boris"
/home/peterr/macocu/task11/data_age/seg.x2t6FCoqJws_5642.46-5652.72.wav,44.0,M,"Milošević, Boris"
/home/peterr/macocu/task11/data_age/seg.fZOW76tl9E8_12807.6-12821.5.wav,44.0,M,"Milošević, Boris"
/home/peterr/macocu/task11/data_age/seg.zszY0-vwr70_7358.61-7371.24.wav,44.0,M,"Milošević, Boris"
/home/peterr/macocu/task11/data_age/seg.Bjk0tO105xU_2701.62-2720.91.wav,44.0,M,"Milošević, Boris"
/home/peterr/macocu/task11/data_age/seg.9mYs2yrz6Vg_12554.05-12574.04.wav,44.0,M,"Milošević, Boris"
/home/peterr/macocu/task11/data_age/seg.ChLhsFZXpo0_12620.77-12640.64.wav,44.0,M,"Milošević, Boris"
/home/peterr/macocu/task11/data_age/seg.fZOW76tl9E8_7180.73-7200.07.wav,44.0,M,"Milošević, Boris"
/home/peterr/macocu/task11/data_age/seg.hABuzXDgV50_9637.2-9649.53.wav,44.0,M,"Milošević, Boris"
/home/peterr/macocu/task11/data_age/seg.Uudzu-4i6JU_12291.37-12310.75.wav,44.0,M,"Milošević, Boris"
/home/peterr/macocu/task11/data_age/seg.9mYs2yrz6Vg_12915.84-12935.11.wav,44.0,M,"Milošević, Boris"
/home/peterr/macocu/task11/data_age/seg.x2t6FCoqJws_5602.86-5622.54.wav,44.0,M,"Milošević, Boris"
/home/peterr/macocu/task11/data_age/seg.41IJX-I7KUk_5295.44-5315.21.wav,44.0,M,"Milošević, Boris"
/home/peterr/macocu/task11/data_age/seg.fO_0QkfOgis_7211.83-7223.57.wav,44.0,M,"Milošević, Boris"
/home/peterr/macocu/task11/data_age/seg.-ZstXL0NcOo_9168.49-9187.95.wav,44.0,M,"Milošević, Boris"
/home/peterr/macocu/task11/data_age/seg.bB87qD5RT-Y_10518.45-10532.53.wav,44.0,M,"Milošević, Boris"
/home/peterr/macocu/task11/data_age/seg.wIZU5TbDct4_14772.17-14788.06.wav,44.0,M,"Milošević, Boris"
/home/peterr/macocu/task11/data_age/seg.rFVDr4ghXlQ_10620.07-10632.05.wav,72.0,M,"Tuđman, Miroslav"
/home/peterr/macocu/task11/data_age/seg.hABuzXDgV50_16531.13-16548.52.wav,72.0,M,"Tuđman, Miroslav"
/home/peterr/macocu/task11/data_age/seg.l8zdyfQzMbc_21299.55-21315.38.wav,72.0,M,"Tuđman, Miroslav"
/home/peterr/macocu/task11/data_age/seg.LFVfcCY2ebk_15290.05-15306.38.wav,72.0,M,"Tuđman, Miroslav"
/home/peterr/macocu/task11/data_age/seg.YOYZ7PwizwI_11891.18-11901.54.wav,72.0,M,"Tuđman, Miroslav"
/home/peterr/macocu/task11/data_age/seg.j2243qnSAZc_17180.84-17195.61.wav,72.0,M,"Tuđman, Miroslav"
/home/peterr/macocu/task11/data_age/seg.LFVfcCY2ebk_11563.58-11575.5.wav,72.0,M,"Tuđman, Miroslav"
/home/peterr/macocu/task11/data_age/seg.Ffp0qCvvwOQ_13572.37-13591.17.wav,72.0,M,"Tuđman, Miroslav"
/home/peterr/macocu/task11/data_age/seg.8DJUjkE6g2A_19080.27-19098.54.wav,72.0,M,"Tuđman, Miroslav"
/home/peterr/macocu/task11/data_age/seg.cXQ1kCWVpas_16957.62-16967.72.wav,72.0,M,"Tuđman, Miroslav"
/home/peterr/macocu/task11/data_age/seg.AUZxNF3C_8A_9116.47-9135.92.wav,72.0,M,"Tuđman, Miroslav"
/home/peterr/macocu/task11/data_age/seg.hABuzXDgV50_16106.06-16125.77.wav,72.0,M,"Tuđman, Miroslav"
/home/peterr/macocu/task11/data_age/seg.9UCrtnKBgqs_12366.02-12378.31.wav,72.0,M,"Tuđman, Miroslav"
/home/peterr/macocu/task11/data_age/seg.MjfmdeHxy0o_9122.27-9138.08.wav,72.0,M,"Tuđman, Miroslav"
/home/peterr/macocu/task11/data_age/seg.vtRN30WCBjE_14705.04-14724.61.wav,72.0,M,"Tuđman, Miroslav"
/home/peterr/macocu/task11/data_age/seg.KFQYvnZe5F0_15363.12-15372.75.wav,72.0,M,"Tuđman, Miroslav"
/home/peterr/macocu/task11/data_age/seg.hABuzXDgV50_16208.64-16221.1.wav,72.0,M,"Tuđman, Miroslav"
/home/peterr/macocu/task11/data_age/seg.COa-0-o_dbc_17793.46-17809.21.wav,72.0,M,"Tuđman, Miroslav"
/home/peterr/macocu/task11/data_age/seg.nSH6V9Z2eNI_9878.3-9897.39.wav,72.0,M,"Tuđman, Miroslav"
/home/peterr/macocu/task11/data_age/seg.X_6fTHwFfpM_13770.78-13786.94.wav,72.0,M,"Tuđman, Miroslav"
/home/peterr/macocu/task11/data_age/seg.7_GGu-uPv-E_4981.8-5001.45.wav,51.0,M,"Prelec, Alen"
/home/peterr/macocu/task11/data_age/seg.kFk5q_43y9k_14653.78-14673.27.wav,51.0,M,"Prelec, Alen"
/home/peterr/macocu/task11/data_age/seg.d4vjZbnhJbU_5450.97-5470.4.wav,51.0,M,"Prelec, Alen"
/home/peterr/macocu/task11/data_age/seg.3ELsSguCWM4_8940.96-8960.14.wav,51.0,M,"Prelec, Alen"
/home/peterr/macocu/task11/data_age/seg.3ELsSguCWM4_8407.8-8427.51.wav,51.0,M,"Prelec, Alen"
/home/peterr/macocu/task11/data_age/seg.41IJX-I7KUk_13717.67-13737.43.wav,51.0,M,"Prelec, Alen"
/home/peterr/macocu/task11/data_age/seg.cXbTYCcZ8YM_15734.53-15744.76.wav,51.0,M,"Prelec, Alen"
/home/peterr/macocu/task11/data_age/seg.kFk5q_43y9k_14713.96-14733.76.wav,51.0,M,"Prelec, Alen"
/home/peterr/macocu/task11/data_age/seg.-k1z8behXXg_9794.8-9814.77.wav,51.0,M,"Prelec, Alen"
/home/peterr/macocu/task11/data_age/seg.TFTtk2nFs6I_12015.73-12035.63.wav,51.0,M,"Prelec, Alen"
/home/peterr/macocu/task11/data_age/seg.iSWQSOyd9qg_7998.35-8017.91.wav,51.0,M,"Prelec, Alen"
/home/peterr/macocu/task11/data_age/seg.7_GGu-uPv-E_4898.06-4917.74.wav,51.0,M,"Prelec, Alen"
/home/peterr/macocu/task11/data_age/seg.oNbwZtGCYhE_3619.15-3638.71.wav,51.0,M,"Prelec, Alen"
/home/peterr/macocu/task11/data_age/seg.4KAefCQbnnM_5029.4-5049.37.wav,51.0,M,"Prelec, Alen"
/home/peterr/macocu/task11/data_age/seg.IbufHi751Ek_7428.16-7448.08.wav,51.0,M,"Prelec, Alen"
/home/peterr/macocu/task11/data_age/seg.GW6f40F5DY8_11310.54-11330.26.wav,51.0,M,"Prelec, Alen"
/home/peterr/macocu/task11/data_age/seg.Y2U1PJH4kNs_20794.59-20814.35.wav,51.0,M,"Prelec, Alen"
/home/peterr/macocu/task11/data_age/seg.ROfl1iWhWyw_11497.95-11507.67.wav,51.0,M,"Prelec, Alen"
/home/peterr/macocu/task11/data_age/seg.dfz6VqXRbmE_13591.1-13610.85.wav,51.0,M,"Prelec, Alen"
/home/peterr/macocu/task11/data_age/seg.EdOPd59A2NI_5336.98-5356.97.wav,51.0,M,"Prelec, Alen"
/home/peterr/macocu/task11/data_age/seg.NsYt6iW4zeI_14913.95-14933.62.wav,50.0,M,"Križanić, Josip"
/home/peterr/macocu/task11/data_age/seg.p0xPaEZ2p3I_12050.18-12064.14.wav,50.0,M,"Križanić, Josip"
/home/peterr/macocu/task11/data_age/seg.EdOPd59A2NI_19411.01-19430.18.wav,50.0,M,"Križanić, Josip"
/home/peterr/macocu/task11/data_age/seg.XJfk5_KdB2s_2977.43-2986.8.wav,50.0,M,"Križanić, Josip"
/home/peterr/macocu/task11/data_age/seg.JvLROFws-Ko_6577.7-6597.11.wav,50.0,M,"Križanić, Josip"
/home/peterr/macocu/task11/data_age/seg.JfqdrI7Xd_8_7628.74-7648.4.wav,50.0,M,"Križanić, Josip"
/home/peterr/macocu/task11/data_age/seg.YPRcJ55pmOk_761.62-781.33.wav,50.0,M,"Križanić, Josip"
/home/peterr/macocu/task11/data_age/seg.Q2UcT745iHQ_8434.06-8453.89.wav,50.0,M,"Križanić, Josip"
/home/peterr/macocu/task11/data_age/seg.EdOPd59A2NI_4488.48-4508.46.wav,50.0,M,"Križanić, Josip"
/home/peterr/macocu/task11/data_age/seg.kFk5q_43y9k_7017.97-7037.33.wav,50.0,M,"Križanić, Josip"
/home/peterr/macocu/task11/data_age/seg.kFk5q_43y9k_6957.04-6967.56.wav,50.0,M,"Križanić, Josip"
/home/peterr/macocu/task11/data_age/seg.r9kJFk2ours_2436.81-2455.77.wav,50.0,M,"Križanić, Josip"
/home/peterr/macocu/task11/data_age/seg.cXbTYCcZ8YM_14936.61-14956.59.wav,50.0,M,"Križanić, Josip"
/home/peterr/macocu/task11/data_age/seg.Hlvu7goPx6c_2553.94-2573.77.wav,50.0,M,"Križanić, Josip"
/home/peterr/macocu/task11/data_age/seg.IZ-yJBxvsVo_4642.98-4657.14.wav,50.0,M,"Križanić, Josip"
/home/peterr/macocu/task11/data_age/seg.Hlvu7goPx6c_2425.03-2444.36.wav,50.0,M,"Križanić, Josip"
/home/peterr/macocu/task11/data_age/seg.IZ-yJBxvsVo_7424.37-7443.52.wav,50.0,M,"Križanić, Josip"
/home/peterr/macocu/task11/data_age/seg.SwIQZRaIT0I_12264.43-12280.37.wav,50.0,M,"Križanić, Josip"
/home/peterr/macocu/task11/data_age/seg.-k1z8behXXg_16642.32-16657.88.wav,50.0,M,"Križanić, Josip"
/home/peterr/macocu/task11/data_age/seg.YiRr0LdohZo_1539.06-1559.01.wav,50.0,M,"Križanić, Josip"
/home/peterr/macocu/task11/data_age/seg.pF8JV-wbmAA_3974.57-3992.96.wav,51.0,M,"Jandroković, Gordan"
/home/peterr/macocu/task11/data_age/seg.NsYt6iW4zeI_133.77-153.26.wav,51.0,M,"Jandroković, Gordan"
/home/peterr/macocu/task11/data_age/seg.Ffp0qCvvwOQ_2986.92-3002.87.wav,51.0,M,"Jandroković, Gordan"
/home/peterr/macocu/task11/data_age/seg.NsYt6iW4zeI_593.88-613.06.wav,51.0,M,"Jandroković, Gordan"
/home/peterr/macocu/task11/data_age/seg.WYQk1srnyb0_6652.29-6672.29.wav,51.0,M,"Jandroković, Gordan"
/home/peterr/macocu/task11/data_age/seg.IAOBdyNMgYQ_10227.78-10236.8.wav,51.0,M,"Jandroković, Gordan"
/home/peterr/macocu/task11/data_age/seg.5yky-shnXCM_523.87-543.61.wav,51.0,M,"Jandroković, Gordan"
/home/peterr/macocu/task11/data_age/seg.xEa2KjNWHt0_5303.14-5311.75.wav,51.0,M,"Jandroković, Gordan"
/home/peterr/macocu/task11/data_age/seg.YNkQ-8VrmLA_5185.4-5205.38.wav,51.0,M,"Jandroković, Gordan"
/home/peterr/macocu/task11/data_age/seg.5WDx2n2vP14_8149.39-8169.2.wav,51.0,M,"Jandroković, Gordan"
/home/peterr/macocu/task11/data_age/seg.Zew7iCnGSwo_3792.5-3812.1.wav,51.0,M,"Jandroković, Gordan"
/home/peterr/macocu/task11/data_age/seg.PL0ih6y_S00_3432.76-3442.5.wav,51.0,M,"Jandroković, Gordan"
/home/peterr/macocu/task11/data_age/seg.FB3mUATcjnY_5944.3-5958.19.wav,51.0,M,"Jandroković, Gordan"
/home/peterr/macocu/task11/data_age/seg.L6ILB2DxLMw_2902.47-2922.41.wav,51.0,M,"Jandroković, Gordan"
/home/peterr/macocu/task11/data_age/seg.SvOjrvZ4PlY_7062.08-7080.76.wav,51.0,M,"Jandroković, Gordan"
/home/peterr/macocu/task11/data_age/seg.cgqq7U2hixw_8949.15-8968.84.wav,51.0,M,"Jandroković, Gordan"
/home/peterr/macocu/task11/data_age/seg.LOMzK5-JN00_7890.02-7905.79.wav,51.0,M,"Jandroković, Gordan"
/home/peterr/macocu/task11/data_age/seg.EdneBkSz0DA_3976.62-3996.37.wav,51.0,M,"Jandroković, Gordan"
/home/peterr/macocu/task11/data_age/seg.b6xbH3vaOB0_7159.9-7179.84.wav,51.0,M,"Jandroković, Gordan"
/home/peterr/macocu/task11/data_age/seg.wGcZ33lyWUY_1890.21-1909.97.wav,51.0,M,"Jandroković, Gordan"
/home/peterr/macocu/task11/data_age/seg.jgEFZDlBGYg_2373.65-2393.64.wav,46.0,M,"Sladoljev, Marko"
/home/peterr/macocu/task11/data_age/seg.vJ4gib9EDcU_9916.56-9936.08.wav,46.0,M,"Sladoljev, Marko"
/home/peterr/macocu/task11/data_age/seg.Pm2I_V_CTSQ_3214.05-3233.64.wav,46.0,M,"Sladoljev, Marko"
/home/peterr/macocu/task11/data_age/seg.3bkC9ujsy_o_6128.26-6148.06.wav,46.0,M,"Sladoljev, Marko"
/home/peterr/macocu/task11/data_age/seg.jgEFZDlBGYg_1998.86-2008.27.wav,46.0,M,"Sladoljev, Marko"
/home/peterr/macocu/task11/data_age/seg.IF1blZ6YSMA_7227.57-7247.33.wav,46.0,M,"Sladoljev, Marko"
/home/peterr/macocu/task11/data_age/seg.I3S2CKrrats_1846.23-1865.91.wav,46.0,M,"Sladoljev, Marko"
/home/peterr/macocu/task11/data_age/seg.MOOjWQIy7ZY_5376.25-5396.21.wav,46.0,M,"Sladoljev, Marko"
/home/peterr/macocu/task11/data_age/seg.08nTrgdbSeM_6408.67-6428.13.wav,46.0,M,"Sladoljev, Marko"
/home/peterr/macocu/task11/data_age/seg.xSErR_WVD4g_11444.65-11464.34.wav,46.0,M,"Sladoljev, Marko"
/home/peterr/macocu/task11/data_age/seg.jgEFZDlBGYg_2334.07-2353.88.wav,46.0,M,"Sladoljev, Marko"
/home/peterr/macocu/task11/data_age/seg.xSErR_WVD4g_11529.47-11541.28.wav,46.0,M,"Sladoljev, Marko"
/home/peterr/macocu/task11/data_age/seg.Bb47TxyW1do_7537.32-7557.07.wav,46.0,M,"Sladoljev, Marko"
/home/peterr/macocu/task11/data_age/seg.GedIwR0D7bc_15632.94-15652.51.wav,46.0,M,"Sladoljev, Marko"
/home/peterr/macocu/task11/data_age/seg.qWbLMM4HNvE_5488.59-5508.5.wav,46.0,M,"Sladoljev, Marko"
/home/peterr/macocu/task11/data_age/seg.hxSDE1AXaww_8313.56-8329.23.wav,46.0,M,"Sladoljev, Marko"
/home/peterr/macocu/task11/data_age/seg.vRMwK8TW_tw_4447.29-4464.02.wav,46.0,M,"Sladoljev, Marko"
/home/peterr/macocu/task11/data_age/seg.TFTtk2nFs6I_18455.82-18475.31.wav,46.0,M,"Sladoljev, Marko"
/home/peterr/macocu/task11/data_age/seg.EdneBkSz0DA_12476.92-12496.72.wav,46.0,M,"Sladoljev, Marko"
/home/peterr/macocu/task11/data_age/seg.jgEFZDlBGYg_2208.37-2217.92.wav,46.0,M,"Sladoljev, Marko"
/home/peterr/macocu/task11/data_age/seg.LfkFqOr01h4_2136.52-2155.87.wav,36.0,M,"Sokol, Tomislav"
/home/peterr/macocu/task11/data_age/seg.Bb47TxyW1do_4200.01-4211.29.wav,36.0,M,"Sokol, Tomislav"
/home/peterr/macocu/task11/data_age/seg.Cfti-MnqY7U_10797.35-10817.09.wav,36.0,M,"Sokol, Tomislav"
/home/peterr/macocu/task11/data_age/seg.hABuzXDgV50_16016.11-16028.01.wav,36.0,M,"Sokol, Tomislav"
/home/peterr/macocu/task11/data_age/seg.Cfti-MnqY7U_11222.59-11235.41.wav,36.0,M,"Sokol, Tomislav"
/home/peterr/macocu/task11/data_age/seg.Kt0nJgPw41E_11516.54-11536.47.wav,36.0,M,"Sokol, Tomislav"
/home/peterr/macocu/task11/data_age/seg.1VEe0dkWXfc_8594.21-8614.17.wav,36.0,M,"Sokol, Tomislav"
/home/peterr/macocu/task11/data_age/seg._VTTkJdto-U_3392.73-3412.56.wav,36.0,M,"Sokol, Tomislav"
/home/peterr/macocu/task11/data_age/seg.xEa2KjNWHt0_9705.35-9725.29.wav,36.0,M,"Sokol, Tomislav"
/home/peterr/macocu/task11/data_age/seg.KnLfswocmwE_15456.47-15471.48.wav,36.0,M,"Sokol, Tomislav"
/home/peterr/macocu/task11/data_age/seg.BdKEjiXdnEc_18540.67-18560.6.wav,36.0,M,"Sokol, Tomislav"
/home/peterr/macocu/task11/data_age/seg.mGJ-n2xBISA_14162.96-14182.68.wav,36.0,M,"Sokol, Tomislav"
/home/peterr/macocu/task11/data_age/seg.aK2XWyzkG94_14755.23-14774.93.wav,36.0,M,"Sokol, Tomislav"
/home/peterr/macocu/task11/data_age/seg.eyv7y-kyI1E_1939.3-1959.14.wav,36.0,M,"Sokol, Tomislav"
/home/peterr/macocu/task11/data_age/seg.wAvVNgL6KOk_4084.67-4104.54.wav,36.0,M,"Sokol, Tomislav"
/home/peterr/macocu/task11/data_age/seg._VTTkJdto-U_3198.22-3218.01.wav,36.0,M,"Sokol, Tomislav"
/home/peterr/macocu/task11/data_age/seg.O-3YNW9gAaw_11238.3-11247.17.wav,36.0,M,"Sokol, Tomislav"
/home/peterr/macocu/task11/data_age/seg.Cfti-MnqY7U_13812.11-13826.78.wav,36.0,M,"Sokol, Tomislav"
/home/peterr/macocu/task11/data_age/seg.Kt0nJgPw41E_11086.67-11096.82.wav,36.0,M,"Sokol, Tomislav"
/home/peterr/macocu/task11/data_age/seg.AUZxNF3C_8A_12092.18-12111.89.wav,36.0,M,"Sokol, Tomislav"
